{
  "x_thresholds": [
    0.05344364792108536,
    0.054506223648786545,
    0.05454457178711891,
    0.054878707975149155,
    0.05487966164946556,
    0.055297788232564926,
    0.055299654603004456,
    0.05546172708272934,
    0.05546224117279053,
    0.06211111322045326,
    0.06211177259683609,
    0.0627017542719841,
    0.06270426511764526,
    0.0627298504114151,
    0.06272999942302704,
    0.06627149134874344,
    0.06627323478460312,
    0.06632992625236511,
    0.06633158028125763,
    0.06697910279035568,
    0.06697914004325867,
    0.07155558466911316,
    0.07155677676200867,
    0.09103693813085556,
    0.09104961156845093,
    0.09979680180549622,
    0.09980890154838562,
    0.11038921773433685,
    0.11039362847805023,
    0.12384401261806488,
    0.12384694069623947,
    0.12429560720920563,
    0.12429912388324738,
    0.14436107873916626,
    0.14438529312610626,
    0.16668452322483063,
    0.16748452186584473,
    0.19596295058727264,
    0.19631017744541168,
    0.2266884595155716,
    0.22763924300670624
  ],
  "y_values": [
    0.0,
    0.0,
    0.01276595744680851,
    0.01276595744680851,
    0.016,
    0.016,
    0.03488372093023256,
    0.03488372093023256,
    0.04315937940761636,
    0.04315937940761636,
    0.05380333951762523,
    0.05380333951762523,
    0.0625,
    0.0625,
    0.07508702138239681,
    0.07508702138239681,
    0.07547169811320754,
    0.07547169811320754,
    0.08130081300813008,
    0.08130081300813008,
    0.08523144746509918,
    0.08523144746509918,
    0.08942795076031862,
    0.08942795076031862,
    0.1024,
    0.1024,
    0.10849909584086798,
    0.10849909584086798,
    0.14251781472684089,
    0.14251781472684089,
    0.14285714285714285,
    0.14285714285714285,
    0.17131474103585656,
    0.17131474103585656,
    0.1978021978021978,
    0.1978021978021978,
    0.225,
    0.225,
    0.42857142857142855,
    0.42857142857142855,
    1.0
  ]
}