{
  "x_thresholds": [
    0.02747463993728161,
    0.03336981311440468,
    0.03337862342596054,
    0.04556802287697792,
    0.04558732733130455,
    0.05115881934762001,
    0.05115998163819313,
    0.06104499101638794,
    0.0610620342195034,
    0.06139207258820534,
    0.0613931342959404,
    0.06164434179663658,
    0.061650350689888,
    0.06289879977703094,
    0.06290443241596222,
    0.06328058242797852,
    0.06328452378511429,
    0.06549553573131561,
    0.06549978256225586,
    0.06885193288326263,
    0.06885867565870285,
    0.06919485330581665,
    0.06919518858194351,
    0.07008319348096848,
    0.0700894445180893,
    0.07122018188238144,
    0.0712222158908844,
    0.07422427833080292,
    0.07422482222318649,
    0.07833915203809738,
    0.07834018766880035,
    0.07866173982620239,
    0.07867595553398132,
    0.08368489891290665,
    0.0836898684501648,
    0.08773816376924515,
    0.08774667978286743,
    0.09193406999111176,
    0.09193640202283859,
    0.09316067397594452,
    0.09317141026258469,
    0.09706709533929825,
    0.09707734733819962,
    0.10118914395570755,
    0.10123227536678314,
    0.10815031081438065,
    0.10815732926130295,
    0.1136106625199318,
    0.11362439393997192,
    0.1137404814362526,
    0.11376680433750153,
    0.1170828640460968,
    0.1170891746878624,
    0.13691167533397675,
    0.13698352873325348,
    0.14557883143424988,
    0.14568732678890228,
    0.1478855460882187,
    0.14789025485515594,
    0.15940192341804504,
    0.15953393280506134,
    0.17158351838588715,
    0.17183898389339447,
    0.19536933302879333,
    0.19560497999191284,
    0.2584612965583801,
    0.26167142391204834,
    0.3849680721759796,
    0.41252002120018005
  ],
  "y_values": [
    0.0,
    0.0,
    0.0013736263736263737,
    0.0013736263736263737,
    0.005773672055427252,
    0.005773672055427252,
    0.011464968152866241,
    0.011464968152866241,
    0.016666666666666666,
    0.016666666666666666,
    0.0196078431372549,
    0.0196078431372549,
    0.020100502512562814,
    0.020100502512562814,
    0.03508771929824561,
    0.03508771929824561,
    0.03723404255319149,
    0.03723404255319149,
    0.045871559633027525,
    0.045871559633027525,
    0.046875,
    0.046875,
    0.05442176870748299,
    0.05442176870748299,
    0.05945945945945946,
    0.05945945945945946,
    0.06012024048096192,
    0.06012024048096192,
    0.06220095693779904,
    0.06220095693779904,
    0.06557377049180328,
    0.06557377049180328,
    0.07721518987341772,
    0.07721518987341772,
    0.0928030303030303,
    0.0928030303030303,
    0.09330985915492958,
    0.09330985915492958,
    0.13533834586466165,
    0.13533834586466165,
    0.13559322033898308,
    0.13559322033898308,
    0.14124293785310735,
    0.14124293785310735,
    0.14728682170542637,
    0.14728682170542637,
    0.17272727272727273,
    0.17272727272727273,
    0.18181818181818182,
    0.18181818181818182,
    0.19230769230769232,
    0.19230769230769232,
    0.20970042796005706,
    0.20970042796005706,
    0.21393034825870647,
    0.21393034825870647,
    0.2571428571428571,
    0.2571428571428571,
    0.3018867924528302,
    0.3018867924528302,
    0.3181818181818182,
    0.3181818181818182,
    0.3798449612403101,
    0.3798449612403101,
    0.45161290322580644,
    0.45161290322580644,
    0.5714285714285714,
    0.5714285714285714,
    1.0
  ]
}