{
  "x_thresholds": [
    0.024269407615065575,
    0.033049989491701126,
    0.03305504098534584,
    0.03629113733768463,
    0.03629302233457565,
    0.03769119456410408,
    0.037694379687309265,
    0.04077785462141037,
    0.04078812897205353,
    0.044357169419527054,
    0.044357191771268845,
    0.046134915202856064,
    0.046138696372509,
    0.049229592084884644,
    0.04923536255955696,
    0.05234692618250847,
    0.05235017463564873,
    0.055238813161849976,
    0.0552404522895813,
    0.055621445178985596,
    0.05562405660748482,
    0.05615564435720444,
    0.05616727098822594,
    0.05815040320158005,
    0.058155663311481476,
    0.058221347630023956,
    0.05822450667619705,
    0.06524255126714706,
    0.06524353474378586,
    0.06629427522420883,
    0.0663006603717804,
    0.06646430492401123,
    0.06647345423698425,
    0.06772741675376892,
    0.0677320659160614,
    0.0721854716539383,
    0.07218751311302185,
    0.07753228396177292,
    0.0775376558303833,
    0.07879352569580078,
    0.07879429310560226,
    0.08064313232898712,
    0.08065405488014221,
    0.09026355296373367,
    0.09028171747922897,
    0.09171630442142487,
    0.09173637628555298,
    0.10670536756515503,
    0.10671734809875488,
    0.11524713039398193,
    0.1152569055557251,
    0.11977992206811905,
    0.11983443796634674,
    0.12032467871904373,
    0.1203262060880661,
    0.1390165388584137,
    0.1391754001379013,
    0.14526517689228058,
    0.14529353380203247,
    0.14612236618995667,
    0.14614230394363403,
    0.16198372840881348,
    0.16198493540287018,
    0.17908790707588196,
    0.1791209876537323,
    0.2500748634338379,
    0.2503354549407959,
    0.25435003638267517,
    0.25440946221351624,
    0.2635622024536133,
    0.26373860239982605,
    0.39913859963417053,
    0.4054913818836212,
    0.5144631266593933,
    0.5809616446495056
  ],
  "y_values": [
    0.0,
    0.0,
    0.003472222222222222,
    0.003472222222222222,
    0.004807692307692308,
    0.004807692307692308,
    0.005681818181818182,
    0.005681818181818182,
    0.01002865329512894,
    0.01002865329512894,
    0.014326647564469915,
    0.014326647564469915,
    0.018209408194233688,
    0.018209408194233688,
    0.02586206896551724,
    0.02586206896551724,
    0.028037383177570093,
    0.028037383177570093,
    0.031007751937984496,
    0.031007751937984496,
    0.03389830508474576,
    0.03389830508474576,
    0.0453781512605042,
    0.0453781512605042,
    0.047619047619047616,
    0.047619047619047616,
    0.04881656804733728,
    0.04881656804733728,
    0.05653710247349823,
    0.05653710247349823,
    0.0625,
    0.0625,
    0.06578947368421052,
    0.06578947368421052,
    0.06748466257668712,
    0.06748466257668712,
    0.06818181818181819,
    0.06818181818181819,
    0.07,
    0.07,
    0.08,
    0.08,
    0.09064885496183206,
    0.09064885496183206,
    0.10317460317460317,
    0.10317460317460317,
    0.1207464324917673,
    0.1207464324917673,
    0.12794612794612795,
    0.12794612794612795,
    0.21487603305785125,
    0.21487603305785125,
    0.2222222222222222,
    0.2222222222222222,
    0.238562091503268,
    0.238562091503268,
    0.2463768115942029,
    0.2463768115942029,
    0.25,
    0.25,
    0.2878787878787879,
    0.2878787878787879,
    0.3235294117647059,
    0.3235294117647059,
    0.3310104529616725,
    0.3310104529616725,
    0.4,
    0.4,
    0.43478260869565216,
    0.43478260869565216,
    0.4907407407407408,
    0.4907407407407408,
    0.5714285714285714,
    0.5714285714285714,
    1.0
  ]
}