{
  "x_thresholds": [
    0.047134436666965485,
    0.05231991037726402,
    0.05232349410653114,
    0.056873392313718796,
    0.05687670409679413,
    0.057732127606868744,
    0.05773433297872543,
    0.059118665754795074,
    0.059119176119565964,
    0.05936134606599808,
    0.05937257781624794,
    0.05973852053284645,
    0.059739235788583755,
    0.06143658980727196,
    0.06143774092197418,
    0.06306364387273788,
    0.06307516992092133,
    0.06354277580976486,
    0.0635455772280693,
    0.06526808440685272,
    0.06526811420917511,
    0.06569695472717285,
    0.06569761782884598,
    0.06795277446508408,
    0.06795626133680344,
    0.06963125616312027,
    0.06963585317134857,
    0.06988044828176498,
    0.0698859691619873,
    0.0715884268283844,
    0.071589395403862,
    0.09603077918291092,
    0.09603963792324066,
    0.09903326630592346,
    0.09903683513402939,
    0.11088352650403976,
    0.11094720661640167,
    0.12167967855930328,
    0.12172849476337433,
    0.1295865923166275,
    0.12959051132202148,
    0.1329425871372223,
    0.13295021653175354,
    0.13351209461688995,
    0.13357672095298767,
    0.15563245117664337,
    0.15592752397060394,
    0.1561558097600937,
    0.1563718616962433,
    0.21368396282196045,
    0.21379707753658295,
    0.22252251207828522,
    1.0
  ],
  "y_values": [
    0.0,
    0.0,
    0.0027643400138217,
    0.0027643400138217,
    0.0165016501650165,
    0.0165016501650165,
    0.023032629558541268,
    0.023032629558541268,
    0.02830188679245283,
    0.02830188679245283,
    0.029850746268656716,
    0.029850746268656716,
    0.03166666666666667,
    0.03166666666666667,
    0.035398230088495575,
    0.035398230088495575,
    0.03571428571428571,
    0.03571428571428571,
    0.04461538461538461,
    0.04461538461538461,
    0.04666666666666667,
    0.04666666666666667,
    0.0694006309148265,
    0.0694006309148265,
    0.08166969147005444,
    0.08166969147005444,
    0.08450704225352113,
    0.08450704225352113,
    0.10192307692307692,
    0.10192307692307692,
    0.10710441334768568,
    0.10710441334768568,
    0.11552346570397112,
    0.11552346570397112,
    0.11570247933884295,
    0.11570247933884295,
    0.15839243498817968,
    0.15839243498817968,
    0.175,
    0.175,
    0.18085106382978725,
    0.18085106382978725,
    0.1875,
    0.1875,
    0.20168067226890757,
    0.20168067226890757,
    0.25,
    0.25,
    0.26136363636363635,
    0.26136363636363635,
    0.625,
    0.625,
    1.0
  ]
}