{
  "x_thresholds": [
    0.04325258731842041,
    0.05018410086631775,
    0.05018527805805206,
    0.053038500249385834,
    0.05303967744112015,
    0.05371595546603203,
    0.053719520568847656,
    0.05548981949687004,
    0.055490490049123764,
    0.05688632279634476,
    0.05688944086432457,
    0.057481586933135986,
    0.05748230591416359,
    0.059132661670446396,
    0.059147778898477554,
    0.06023309379816055,
    0.060241710394620895,
    0.06190905347466469,
    0.06191007047891617,
    0.06303507089614868,
    0.06303708255290985,
    0.0667678564786911,
    0.06676929444074631,
    0.06791003048419952,
    0.06791184842586517,
    0.07014565169811249,
    0.07014737278223038,
    0.07096704840660095,
    0.07096926122903824,
    0.07244844734668732,
    0.07245014607906342,
    0.07340344041585922,
    0.07340570539236069,
    0.07393751293420792,
    0.07394659519195557,
    0.07609701156616211,
    0.07610401511192322,
    0.08007597178220749,
    0.08007672429084778,
    0.10015606880187988,
    0.10016953945159912,
    0.11746039241552353,
    0.11746427416801453,
    0.12357132881879807,
    0.12362387776374817,
    0.1286718249320984,
    0.12867651879787445,
    0.15252242982387543,
    0.15287892520427704,
    0.18173015117645264,
    0.18283991515636444,
    0.19150158762931824,
    0.19264329969882965,
    0.20951171219348907,
    0.21116556227207184,
    0.2243424654006958,
    0.22506634891033173,
    0.2312033772468567,
    0.2546563148498535
  ],
  "y_values": [
    0.0,
    0.0,
    0.002607561929595828,
    0.002607561929595828,
    0.0036101083032490976,
    0.0036101083032490976,
    0.004531722054380665,
    0.004531722054380665,
    0.00980392156862745,
    0.00980392156862745,
    0.009852216748768473,
    0.009852216748768473,
    0.015517241379310345,
    0.015517241379310345,
    0.024213075060532687,
    0.024213075060532687,
    0.02512562814070352,
    0.02512562814070352,
    0.04884318766066838,
    0.04884318766066838,
    0.05068078668683813,
    0.05068078668683813,
    0.06783919597989949,
    0.06783919597989949,
    0.06985769728331177,
    0.06985769728331177,
    0.0728476821192053,
    0.0728476821192053,
    0.08113590263691683,
    0.08113590263691683,
    0.1003584229390681,
    0.1003584229390681,
    0.10843373493975904,
    0.10843373493975904,
    0.11151079136690648,
    0.11151079136690648,
    0.11439114391143912,
    0.11439114391143912,
    0.12655889145496538,
    0.12655889145496538,
    0.13513513513513511,
    0.13513513513513511,
    0.18333333333333332,
    0.18333333333333332,
    0.18604651162790697,
    0.18604651162790697,
    0.2056338028169014,
    0.2056338028169014,
    0.25742574257425743,
    0.25742574257425743,
    0.29411764705882354,
    0.29411764705882354,
    0.3125,
    0.3125,
    0.3333333333333333,
    0.3333333333333333,
    0.6,
    0.6,
    1.0
  ]
}