{
  "x_thresholds": [
    0.04120223969221115,
    0.048538677394390106,
    0.048542220145463943,
    0.05162503197789192,
    0.05162903293967247,
    0.053995370864868164,
    0.053998321294784546,
    0.057928089052438736,
    0.05792868509888649,
    0.058514565229415894,
    0.058520521968603134,
    0.060884375125169754,
    0.060890939086675644,
    0.0612453930079937,
    0.06124725565314293,
    0.06268667429685593,
    0.06268761307001114,
    0.06359367072582245,
    0.06359907984733582,
    0.06462288647890091,
    0.06462401896715164,
    0.06630430370569229,
    0.06630822271108627,
    0.0664849653840065,
    0.06648731231689453,
    0.06865787506103516,
    0.06866352260112762,
    0.07056568562984467,
    0.07056595385074615,
    0.0730910375714302,
    0.07309460639953613,
    0.07434611767530441,
    0.07434821128845215,
    0.07522273063659668,
    0.07522586733102798,
    0.07538467645645142,
    0.07539196312427521,
    0.07575695216655731,
    0.07576105743646622,
    0.07687991857528687,
    0.0768807902932167,
    0.07711771130561829,
    0.07711779326200485,
    0.07979225367307663,
    0.07979653030633926,
    0.08071713149547577,
    0.08072109520435333,
    0.11810784786939621,
    0.11816199868917465,
    0.11839727312326431,
    0.11843375861644745,
    0.12328263372182846,
    0.12328492850065231,
    0.12722115218639374,
    0.12722189724445343,
    0.1280355602502823,
    0.12804029881954193,
    0.12889906764030457,
    0.1289232075214386,
    0.14353695511817932,
    0.1436551809310913,
    0.1522844433784485,
    0.15229173004627228,
    0.18507234752178192,
    0.1857272833585739,
    0.21062014997005463,
    0.21136151254177094,
    0.23859865963459015,
    0.27102160453796387
  ],
  "y_values": [
    0.0,
    0.0,
    0.002242152466367713,
    0.002242152466367713,
    0.005834305717619603,
    0.005834305717619603,
    0.008245877061469266,
    0.008245877061469266,
    0.01639344262295082,
    0.01639344262295082,
    0.017167381974248927,
    0.017167381974248927,
    0.025210084033613446,
    0.025210084033613446,
    0.028205128205128206,
    0.028205128205128206,
    0.038314176245210725,
    0.038314176245210725,
    0.04472843450479233,
    0.04472843450479233,
    0.05150976909413854,
    0.05150976909413854,
    0.05454545454545454,
    0.05454545454545454,
    0.06268221574344024,
    0.06268221574344024,
    0.06969205834683954,
    0.06969205834683954,
    0.07918263090676884,
    0.07918263090676884,
    0.08011049723756906,
    0.08011049723756906,
    0.08372093023255814,
    0.08372093023255814,
    0.0851063829787234,
    0.0851063829787234,
    0.10185185185185185,
    0.10185185185185185,
    0.10437710437710437,
    0.10437710437710437,
    0.11475409836065574,
    0.11475409836065574,
    0.11993243243243243,
    0.11993243243243243,
    0.12941176470588237,
    0.12941176470588237,
    0.14048488874128193,
    0.14048488874128193,
    0.16666666666666666,
    0.16666666666666666,
    0.18110236220472442,
    0.18110236220472442,
    0.1875,
    0.1875,
    0.19047619047619047,
    0.19047619047619047,
    0.2,
    0.2,
    0.21691176470588233,
    0.21691176470588233,
    0.23076923076923078,
    0.23076923076923078,
    0.25471698113207547,
    0.25471698113207547,
    0.30434782608695654,
    0.30434782608695654,
    0.5,
    0.5,
    1.0
  ]
}