{
  "x_thresholds": [
    0.049302563071250916,
    0.05312873795628548,
    0.05314888805150986,
    0.05486998334527016,
    0.05487539991736412,
    0.05700075626373291,
    0.057001467794179916,
    0.058117855340242386,
    0.05811888352036476,
    0.05828728899359703,
    0.05828914791345596,
    0.05832893028855324,
    0.058331217616796494,
    0.05878066644072533,
    0.05878182500600815,
    0.05989576131105423,
    0.05989738181233406,
    0.06117863580584526,
    0.06118704751133919,
    0.06228797882795334,
    0.062290821224451065,
    0.0634283572435379,
    0.06342931091785431,
    0.06447423249483109,
    0.06448190659284592,
    0.06532571464776993,
    0.06532758474349976,
    0.06643136590719223,
    0.06643195450305939,
    0.06648190319538116,
    0.06648379564285278,
    0.0665569081902504,
    0.06655769050121307,
    0.06760536879301071,
    0.06760706752538681,
    0.07942063361406326,
    0.07942288368940353,
    0.08692357689142227,
    0.08694953471422195,
    0.09367107599973679,
    0.09369423985481262,
    0.10514958947896957,
    0.10515780001878738,
    0.1167331337928772,
    0.11679544299840927,
    0.11840952187776566,
    0.11845323443412781,
    0.1473744660615921,
    0.14763306081295013,
    0.1489940583705902,
    0.14932550489902496,
    0.17497330904006958,
    0.17511384189128876,
    0.20333154499530792,
    0.20498760044574738,
    0.21837863326072693,
    0.22063124179840088,
    0.22695325314998627
  ],
  "y_values": [
    0.0,
    0.0,
    0.0029850746268656717,
    0.0029850746268656717,
    0.011326860841423949,
    0.011326860841423949,
    0.014903129657228018,
    0.014903129657228018,
    0.019230769230769232,
    0.019230769230769232,
    0.02857142857142857,
    0.02857142857142857,
    0.0313588850174216,
    0.0313588850174216,
    0.03782894736842105,
    0.03782894736842105,
    0.0406885758998435,
    0.0406885758998435,
    0.04642857142857143,
    0.04642857142857143,
    0.04823747680890538,
    0.04823747680890538,
    0.05383022774327121,
    0.05383022774327121,
    0.05555555555555555,
    0.05555555555555555,
    0.05930807248764415,
    0.05930807248764415,
    0.07142857142857142,
    0.07142857142857142,
    0.09090909090909091,
    0.09090909090909091,
    0.09287257019438445,
    0.09287257019438445,
    0.10132607956477387,
    0.10132607956477387,
    0.1016949152542373,
    0.1016949152542373,
    0.10248901903367497,
    0.10248901903367497,
    0.10376134889753567,
    0.10376134889753567,
    0.12428298279158698,
    0.12428298279158698,
    0.14705882352941177,
    0.14705882352941177,
    0.16824196597353497,
    0.16824196597353497,
    0.18181818181818182,
    0.18181818181818182,
    0.21296296296296297,
    0.21296296296296297,
    0.23076923076923078,
    0.23076923076923078,
    0.35714285714285715,
    0.35714285714285715,
    1.0,
    1.0
  ]
}