{
  "x_thresholds": [
    0.02561260014772415,
    0.03093876503407955,
    0.030939025804400444,
    0.04326947033405304,
    0.043270569294691086,
    0.04571795463562012,
    0.04572474956512451,
    0.05765257775783539,
    0.057666897773742676,
    0.06386585533618927,
    0.06386683136224747,
    0.06416967511177063,
    0.0641745775938034,
    0.06601789593696594,
    0.0660252571105957,
    0.06850351393222809,
    0.0685073584318161,
    0.07974886149168015,
    0.07976577430963516,
    0.07995148003101349,
    0.07995177060365677,
    0.08066072314977646,
    0.08066383749246597,
    0.08999976515769958,
    0.08999983966350555,
    0.09027394652366638,
    0.09028169512748718,
    0.09400007873773575,
    0.09400185942649841,
    0.0945601537823677,
    0.09456141293048859,
    0.09987583011388779,
    0.09987739473581314,
    0.10215671360492706,
    0.10215713083744049,
    0.10353679955005646,
    0.10354366898536682,
    0.11607609689235687,
    0.11609692126512527,
    0.14354488253593445,
    0.1435762196779251,
    0.1492418646812439,
    0.14934995770454407,
    0.16379904747009277,
    0.1638316959142685,
    0.18953126668930054,
    0.1897110790014267,
    0.22283175587654114,
    0.22348840534687042,
    0.2929154932498932,
    0.29910004138946533,
    1.0
  ],
  "y_values": [
    0.0,
    0.0,
    0.0009293680297397769,
    0.0009293680297397769,
    0.0024630541871921183,
    0.0024630541871921183,
    0.011166945840312675,
    0.011166945840312675,
    0.018867924528301886,
    0.018867924528301886,
    0.02,
    0.02,
    0.03515625,
    0.03515625,
    0.04046242774566474,
    0.04046242774566474,
    0.05343511450381679,
    0.05343511450381679,
    0.08333333333333333,
    0.08333333333333333,
    0.08490566037735849,
    0.08490566037735849,
    0.08658346333853355,
    0.08658346333853355,
    0.0967741935483871,
    0.0967741935483871,
    0.09865470852017937,
    0.09865470852017937,
    0.12121212121212122,
    0.12121212121212122,
    0.1306122448979592,
    0.1306122448979592,
    0.1326530612244898,
    0.1326530612244898,
    0.13333333333333333,
    0.13333333333333333,
    0.17654028436018956,
    0.17654028436018956,
    0.1989795918367347,
    0.1989795918367347,
    0.2032520325203252,
    0.2032520325203252,
    0.2831858407079647,
    0.2831858407079647,
    0.40425531914893614,
    0.40425531914893614,
    0.425,
    0.425,
    0.5882352941176471,
    0.5882352941176471,
    1.0,
    1.0
  ]
}