{
  "x_thresholds": [
    0.02041432075202465,
    0.027357187122106552,
    0.027372010052204132,
    0.03140252083539963,
    0.03140683472156525,
    0.03424477577209473,
    0.034247543662786484,
    0.04640284180641174,
    0.04642027989029884,
    0.04994399845600128,
    0.04995313286781311,
    0.05610588565468788,
    0.05610593780875206,
    0.056977495551109314,
    0.056978143751621246,
    0.05777224525809288,
    0.057786859571933746,
    0.06243502348661423,
    0.06245407089591026,
    0.0642792284488678,
    0.06428515166044235,
    0.06568407267332077,
    0.0656849592924118,
    0.07206044346094131,
    0.0720653310418129,
    0.07319212704896927,
    0.07319268584251404,
    0.0780893862247467,
    0.07809074968099594,
    0.08412446826696396,
    0.08412627875804901,
    0.08824757486581802,
    0.08826927840709686,
    0.09352630376815796,
    0.09355492144823074,
    0.09383774548768997,
    0.09384245425462723,
    0.09389860928058624,
    0.09390055388212204,
    0.09417026489973068,
    0.09417520463466644,
    0.10714405030012131,
    0.10715362429618835,
    0.10943092405796051,
    0.10943222045898438,
    0.11475691944360733,
    0.11479198932647705,
    0.12101496011018753,
    0.12104295194149017,
    0.12473078817129135,
    0.12475007027387619,
    0.12539327144622803,
    0.12541742622852325,
    0.13823439180850983,
    0.13828164339065552,
    0.14439229667186737,
    0.14443965256214142,
    0.17624324560165405,
    0.17625075578689575,
    0.19594532251358032,
    0.19648711383342743,
    0.20780843496322632,
    0.20802590250968933,
    0.22978806495666504,
    0.23019154369831085,
    0.34701284766197205,
    0.34787115454673767,
    0.43424007296562195
  ],
  "y_values": [
    0.0,
    0.0,
    0.0015037593984962407,
    0.0015037593984962407,
    0.001949317738791423,
    0.001949317738791423,
    0.0029708853238265003,
    0.0029708853238265003,
    0.01282051282051282,
    0.01282051282051282,
    0.0201765447667087,
    0.0201765447667087,
    0.025210084033613446,
    0.025210084033613446,
    0.02912621359223301,
    0.02912621359223301,
    0.029914529914529916,
    0.029914529914529916,
    0.03319502074688797,
    0.03319502074688797,
    0.03333333333333333,
    0.03333333333333333,
    0.03393665158371041,
    0.03393665158371041,
    0.04580152671755725,
    0.04580152671755725,
    0.05263157894736842,
    0.05263157894736842,
    0.07901907356948228,
    0.07901907356948228,
    0.08333333333333333,
    0.08333333333333333,
    0.08964143426294821,
    0.08964143426294821,
    0.10344827586206896,
    0.10344827586206896,
    0.1111111111111111,
    0.1111111111111111,
    0.11428571428571428,
    0.11428571428571428,
    0.12609457092819615,
    0.12609457092819615,
    0.14285714285714285,
    0.14285714285714285,
    0.15151515151515152,
    0.15151515151515152,
    0.1891891891891892,
    0.1891891891891892,
    0.1978021978021978,
    0.1978021978021978,
    0.2,
    0.2,
    0.21428571428571427,
    0.21428571428571427,
    0.24822695035460993,
    0.24822695035460993,
    0.2816326530612245,
    0.2816326530612245,
    0.3115942028985507,
    0.3115942028985507,
    0.35185185185185186,
    0.35185185185185186,
    0.4067796610169492,
    0.4067796610169492,
    0.4146341463414634,
    0.4146341463414634,
    0.5,
    0.5
  ]
}