{
  "x_thresholds": [
    0.037615250796079636,
    0.04448102414608002,
    0.044482916593551636,
    0.052192043513059616,
    0.05220876634120941,
    0.05691227689385414,
    0.056916240602731705,
    0.057628389447927475,
    0.057632412761449814,
    0.05966916307806969,
    0.059669703245162964,
    0.06117697060108185,
    0.061177466064691544,
    0.06252481788396835,
    0.06252501159906387,
    0.06304880976676941,
    0.06305555254220963,
    0.06351225823163986,
    0.06351373344659805,
    0.06806405633687973,
    0.06806453317403793,
    0.0724424496293068,
    0.07244660705327988,
    0.0748707577586174,
    0.07487648725509644,
    0.07727300375699997,
    0.07727708667516708,
    0.07780888676643372,
    0.07781347632408142,
    0.08244515210390091,
    0.0824529230594635,
    0.08495378494262695,
    0.0849648118019104,
    0.10049479454755783,
    0.10050253570079803,
    0.11734341084957123,
    0.11737538129091263,
    0.1234545186161995,
    0.12346694618463516,
    0.13066604733467102,
    0.1307363063097,
    0.15093563497066498,
    0.15095476806163788,
    0.16549307107925415,
    0.16568401455879211,
    0.1674179583787918,
    0.16742560267448425,
    0.1788478046655655,
    0.17886406183242798,
    0.22246180474758148,
    0.22446444630622864,
    0.2500709593296051,
    0.25549447536468506
  ],
  "y_values": [
    0.0,
    0.0,
    0.001156737998843262,
    0.001156737998843262,
    0.00821917808219178,
    0.00821917808219178,
    0.012048192771084338,
    0.012048192771084338,
    0.012711864406779662,
    0.012711864406779662,
    0.02359882005899705,
    0.02359882005899705,
    0.026402640264026403,
    0.026402640264026403,
    0.04081632653061224,
    0.04081632653061224,
    0.041237113402061855,
    0.041237113402061855,
    0.041666666666666664,
    0.041666666666666664,
    0.05805805805805806,
    0.05805805805805806,
    0.06500000000000002,
    0.06500000000000002,
    0.0797872340425532,
    0.0797872340425532,
    0.08,
    0.08,
    0.10414201183431952,
    0.10414201183431952,
    0.12048192771084337,
    0.12048192771084337,
    0.14079422382671483,
    0.14079422382671483,
    0.15021008403361344,
    0.15021008403361344,
    0.15311004784688995,
    0.15311004784688995,
    0.18781725888324874,
    0.18781725888324874,
    0.23966942148760334,
    0.23966942148760334,
    0.29310344827586204,
    0.29310344827586204,
    0.3333333333333333,
    0.3333333333333333,
    0.358974358974359,
    0.358974358974359,
    0.3902439024390244,
    0.3902439024390244,
    0.7142857142857143,
    0.7142857142857143,
    1.0
  ]
}