{
  "x_thresholds": [
    0.03528497368097305,
    0.0426664873957634,
    0.042669735848903656,
    0.050761956721544266,
    0.050765614956617355,
    0.053573329001665115,
    0.05357953533530235,
    0.0589103065431118,
    0.05891172215342522,
    0.059835370630025864,
    0.05983581021428108,
    0.06138387322425842,
    0.061390019953250885,
    0.06161690130829811,
    0.06161857396364212,
    0.06379487365484238,
    0.06379720568656921,
    0.06789922714233398,
    0.06790933758020401,
    0.06954202055931091,
    0.06955030560493469,
    0.07001609355211258,
    0.07001703232526779,
    0.07278592139482498,
    0.07279544323682785,
    0.07378228008747101,
    0.0737949088215828,
    0.07577082514762878,
    0.07577666640281677,
    0.07717766612768173,
    0.07718764990568161,
    0.07836069911718369,
    0.07836500555276871,
    0.07911761850118637,
    0.07912453263998032,
    0.08345428854227066,
    0.08346289396286011,
    0.08661327511072159,
    0.08662224560976028,
    0.09288142621517181,
    0.09288273006677628,
    0.10306689143180847,
    0.10306695103645325,
    0.12441998720169067,
    0.1244601383805275,
    0.12816408276557922,
    0.12818732857704163,
    0.13017277419567108,
    0.13017980754375458,
    0.1308857649564743,
    0.1308899223804474,
    0.15718145668506622,
    0.15756918489933014,
    0.168047234416008,
    0.16823633015155792,
    0.17696306109428406,
    0.17710311710834503,
    0.265987366437912,
    0.27461379766464233,
    0.30139559507369995
  ],
  "y_values": [
    0.0,
    0.0,
    0.0011474469305794606,
    0.0011474469305794606,
    0.003766478342749529,
    0.003766478342749529,
    0.011690647482014389,
    0.011690647482014389,
    0.012422360248447204,
    0.012422360248447204,
    0.0219435736677116,
    0.0219435736677116,
    0.02564102564102564,
    0.02564102564102564,
    0.0367170626349892,
    0.0367170626349892,
    0.040748898678414094,
    0.040748898678414094,
    0.0480225988700565,
    0.0480225988700565,
    0.04950495049504951,
    0.04950495049504951,
    0.05057096247960848,
    0.05057096247960848,
    0.06355932203389832,
    0.06355932203389832,
    0.06546275395033861,
    0.06546275395033861,
    0.06920415224913495,
    0.06920415224913495,
    0.07456140350877193,
    0.07456140350877193,
    0.0784313725490196,
    0.0784313725490196,
    0.10363391655450875,
    0.10363391655450875,
    0.12331838565022421,
    0.12331838565022421,
    0.140485312899106,
    0.140485312899106,
    0.15,
    0.15,
    0.158203125,
    0.158203125,
    0.16346153846153846,
    0.16346153846153846,
    0.16666666666666666,
    0.16666666666666666,
    0.25,
    0.25,
    0.26491646778042954,
    0.26491646778042954,
    0.3,
    0.3,
    0.3409090909090909,
    0.3409090909090909,
    0.4050632911392405,
    0.4050632911392405,
    0.5,
    0.5
  ]
}