{
  "x_thresholds": [
    0.045161183923482895,
    0.05016229301691055,
    0.0501638762652874,
    0.05394502729177475,
    0.05394755303859711,
    0.056745659559965134,
    0.056749723851680756,
    0.059905312955379486,
    0.05990898236632347,
    0.06100280582904816,
    0.06101296469569206,
    0.06598681956529617,
    0.06599157303571701,
    0.06704653054475784,
    0.06707391142845154,
    0.0673254057765007,
    0.06732814013957977,
    0.06899038702249527,
    0.06899064779281616,
    0.06987104564905167,
    0.06987141817808151,
    0.07232271879911423,
    0.07234007120132446,
    0.0730854794383049,
    0.07309067249298096,
    0.07995273172855377,
    0.07995451986789703,
    0.08055047690868378,
    0.08055112510919571,
    0.0988646149635315,
    0.0988706424832344,
    0.10893576592206955,
    0.1089697778224945,
    0.11448892205953598,
    0.11452477425336838,
    0.11743655055761337,
    0.11744304746389389,
    0.12324948608875275,
    0.12330300360918045,
    0.12987306714057922,
    0.12988115847110748,
    0.14431914687156677,
    0.14436151087284088,
    0.15398037433624268,
    0.1540450006723404,
    0.15732336044311523,
    0.1575012356042862,
    0.18529485166072845,
    0.18574237823486328,
    0.19337499141693115,
    0.19340971112251282,
    0.22032414376735687,
    0.22096143662929535,
    0.23453065752983093,
    1.0
  ],
  "y_values": [
    0.0,
    0.0,
    0.0017889087656529517,
    0.0017889087656529517,
    0.0025252525252525255,
    0.0025252525252525255,
    0.01490947816826411,
    0.01490947816826411,
    0.027777777777777776,
    0.027777777777777776,
    0.04054859868813357,
    0.04054859868813357,
    0.05202312138728324,
    0.05202312138728324,
    0.05952380952380952,
    0.05952380952380952,
    0.06690140845070422,
    0.06690140845070422,
    0.07301587301587302,
    0.07301587301587302,
    0.08137931034482758,
    0.08137931034482758,
    0.10050251256281408,
    0.10050251256281408,
    0.10274869109947644,
    0.10274869109947644,
    0.10891089108910891,
    0.10891089108910891,
    0.12266411116435073,
    0.12266411116435073,
    0.12688821752265864,
    0.12688821752265864,
    0.13333333333333333,
    0.13333333333333333,
    0.1440677966101695,
    0.1440677966101695,
    0.1683673469387755,
    0.1683673469387755,
    0.19895287958115182,
    0.19895287958115182,
    0.21428571428571427,
    0.21428571428571427,
    0.2261904761904762,
    0.2261904761904762,
    0.25,
    0.25,
    0.2597402597402597,
    0.2597402597402597,
    0.2727272727272727,
    0.2727272727272727,
    0.45454545454545453,
    0.45454545454545453,
    0.6,
    0.6,
    1.0
  ]
}