{
  "x_thresholds": [
    0.03059828281402588,
    0.037855617702007294,
    0.0378606878221035,
    0.04711123928427696,
    0.04711313918232918,
    0.05016164854168892,
    0.05016227066516876,
    0.05498446524143219,
    0.054991986602544785,
    0.05931773781776428,
    0.05932153761386871,
    0.06393749266862869,
    0.06394314020872116,
    0.06442283093929291,
    0.06442787498235703,
    0.07338488101959229,
    0.07339123636484146,
    0.0761597603559494,
    0.07616864889860153,
    0.07665131241083145,
    0.07665224373340607,
    0.0796421617269516,
    0.07965859770774841,
    0.08337074518203735,
    0.08337517082691193,
    0.08416426181793213,
    0.08417082577943802,
    0.08802267909049988,
    0.08802538365125656,
    0.09184891730546951,
    0.09185035526752472,
    0.09401211887598038,
    0.09402429312467575,
    0.09445938467979431,
    0.09446205198764801,
    0.10087016224861145,
    0.10087950527667999,
    0.10418963432312012,
    0.10421716421842575,
    0.10611090064048767,
    0.1061282753944397,
    0.10870517790317535,
    0.10872607678174973,
    0.13201302289962769,
    0.13209450244903564,
    0.14176389575004578,
    0.1417664885520935,
    0.1584564596414566,
    0.15854738652706146,
    0.18666264414787292,
    0.1868830919265747,
    0.24068015813827515,
    0.2437812089920044,
    1.0
  ],
  "y_values": [
    0.0,
    0.0,
    0.0011179429849077697,
    0.0011179429849077697,
    0.0037243947858473,
    0.0037243947858473,
    0.01056338028169014,
    0.01056338028169014,
    0.010582010582010581,
    0.010582010582010581,
    0.021739130434782608,
    0.021739130434782608,
    0.022222222222222223,
    0.022222222222222223,
    0.0492836676217765,
    0.0492836676217765,
    0.06085192697768762,
    0.06085192697768762,
    0.06493506493506493,
    0.06493506493506493,
    0.07355516637478109,
    0.07355516637478109,
    0.08947368421052633,
    0.08947368421052633,
    0.11214953271028037,
    0.11214953271028037,
    0.11333333333333333,
    0.11333333333333333,
    0.12121212121212122,
    0.12121212121212122,
    0.12598425196850394,
    0.12598425196850394,
    0.14,
    0.14,
    0.14333895446880274,
    0.14333895446880274,
    0.14901960784313728,
    0.14901960784313728,
    0.15328467153284672,
    0.15328467153284672,
    0.15789473684210528,
    0.15789473684210528,
    0.18983402489626555,
    0.18983402489626555,
    0.21359223300970873,
    0.21359223300970873,
    0.2809917355371901,
    0.2809917355371901,
    0.3352601156069364,
    0.3352601156069364,
    0.48148148148148145,
    0.48148148148148145,
    0.5555555555555556,
    0.5555555555555556
  ]
}