{
  "x_thresholds": [
    0.02987479977309704,
    0.03703617677092552,
    0.03703625872731209,
    0.044390205293893814,
    0.044395562261343,
    0.04677995666861534,
    0.04678202047944069,
    0.0518387146294117,
    0.051839541643857956,
    0.05271338298916817,
    0.05271349474787712,
    0.05357715114951134,
    0.05358564853668213,
    0.05920170620083809,
    0.059203602373600006,
    0.0624522939324379,
    0.062458738684654236,
    0.06473414599895477,
    0.06473761796951294,
    0.06487305462360382,
    0.06487549841403961,
    0.06502750515937805,
    0.06503469496965408,
    0.06516913324594498,
    0.06519350409507751,
    0.06663715094327927,
    0.06664454936981201,
    0.0702730268239975,
    0.07028613984584808,
    0.07236307114362717,
    0.0723644345998764,
    0.07801099866628647,
    0.07805360853672028,
    0.08169357478618622,
    0.08169442415237427,
    0.08639515936374664,
    0.08640681207180023,
    0.0883513018488884,
    0.08835212141275406,
    0.08869735151529312,
    0.08869769424200058,
    0.09144517779350281,
    0.0914556086063385,
    0.09442303329706192,
    0.09443319588899612,
    0.09590564668178558,
    0.09592781215906143,
    0.10258471220731735,
    0.10259358584880829,
    0.10519614070653915,
    0.10520738363265991,
    0.10643443465232849,
    0.10647833347320557,
    0.10971808433532715,
    0.10971900075674057,
    0.111409030854702,
    0.11142047494649887,
    0.11608899384737015,
    0.11609683185815811,
    0.13684812188148499,
    0.13685648143291473,
    0.1434338539838791,
    0.1434674710035324,
    0.16019906103610992,
    0.1603105068206787,
    0.1854417771100998,
    0.18615728616714478,
    0.18962222337722778,
    0.19009940326213837,
    0.2438500076532364,
    0.24488218128681183,
    0.3824462294578552,
    0.39301806688308716
  ],
  "y_values": [
    0.0,
    0.0,
    0.0014245014245014246,
    0.0014245014245014246,
    0.002136752136752137,
    0.002136752136752137,
    0.0022675736961451248,
    0.0022675736961451248,
    0.011976047904191617,
    0.011976047904191617,
    0.013333333333333334,
    0.013333333333333334,
    0.014675052410901468,
    0.014675052410901468,
    0.017543859649122806,
    0.017543859649122806,
    0.023529411764705882,
    0.023529411764705882,
    0.038461538461538464,
    0.038461538461538464,
    0.04,
    0.04,
    0.047619047619047616,
    0.047619047619047616,
    0.051470588235294115,
    0.051470588235294115,
    0.052083333333333336,
    0.052083333333333336,
    0.059782608695652176,
    0.059782608695652176,
    0.0611587982832618,
    0.0611587982832618,
    0.0688,
    0.0688,
    0.10070921985815603,
    0.10070921985815603,
    0.10424710424710425,
    0.10424710424710425,
    0.10909090909090909,
    0.10909090909090909,
    0.11977715877437325,
    0.11977715877437325,
    0.12209302325581395,
    0.12209302325581395,
    0.13450292397660818,
    0.13450292397660818,
    0.14388489208633093,
    0.14388489208633093,
    0.16097560975609757,
    0.16097560975609757,
    0.16981132075471697,
    0.16981132075471697,
    0.1708542713567839,
    0.1708542713567839,
    0.17204301075268819,
    0.17204301075268819,
    0.1843137254901961,
    0.1843137254901961,
    0.18989071038251365,
    0.18989071038251365,
    0.2601626016260163,
    0.2601626016260163,
    0.27350427350427353,
    0.27350427350427353,
    0.37654320987654327,
    0.37654320987654327,
    0.4,
    0.4,
    0.41935483870967744,
    0.41935483870967744,
    0.5,
    0.5,
    1.0
  ]
}