{
  "x_thresholds": [
    0.03635406121611595,
    0.04253401607275009,
    0.04254039004445076,
    0.0474383644759655,
    0.04744124785065651,
    0.05039870738983154,
    0.05040322244167328,
    0.05255952104926109,
    0.05256356671452522,
    0.05544157326221466,
    0.05544394254684448,
    0.05707712471485138,
    0.05707889795303345,
    0.06266257166862488,
    0.06266795843839645,
    0.06296102702617645,
    0.06296207010746002,
    0.06550930440425873,
    0.06551292538642883,
    0.06563005596399307,
    0.06563510000705719,
    0.06857124716043472,
    0.06857706606388092,
    0.07323742657899857,
    0.07324600219726562,
    0.07518457621335983,
    0.07518808543682098,
    0.07588091492652893,
    0.07588502019643784,
    0.07637102156877518,
    0.07637392729520798,
    0.07763276994228363,
    0.07764071226119995,
    0.07949516922235489,
    0.07950759679079056,
    0.07988910377025604,
    0.07988912612199783,
    0.08144409209489822,
    0.08144988864660263,
    0.08199620991945267,
    0.08199844509363174,
    0.08816143125295639,
    0.08817092329263687,
    0.10072430223226547,
    0.10072582960128784,
    0.12095645815134048,
    0.12096171826124191,
    0.12856853008270264,
    0.1285845786333084,
    0.13368722796440125,
    0.1337416172027588,
    0.134690523147583,
    0.13473647832870483,
    0.15729956328868866,
    0.15759645402431488,
    0.17875169217586517,
    0.17896287143230438,
    0.18028666079044342,
    0.18047955632209778,
    0.21722741425037384,
    0.21747757494449615,
    0.26215070486068726,
    0.26875612139701843,
    0.2989650070667267
  ],
  "y_values": [
    0.0,
    0.0,
    0.002819548872180451,
    0.002819548872180451,
    0.002902757619738752,
    0.002902757619738752,
    0.003838771593090211,
    0.003838771593090211,
    0.00723589001447178,
    0.00723589001447178,
    0.014534883720930232,
    0.014534883720930232,
    0.018502943650126155,
    0.018502943650126155,
    0.028169014084507043,
    0.028169014084507043,
    0.04040404040404041,
    0.04040404040404041,
    0.047619047619047616,
    0.047619047619047616,
    0.05198358413132695,
    0.05198358413132695,
    0.05819158460161146,
    0.05819158460161146,
    0.06140350877192982,
    0.06140350877192982,
    0.06535947712418301,
    0.06535947712418301,
    0.07339449541284404,
    0.07339449541284404,
    0.07421875,
    0.07421875,
    0.08719346049046321,
    0.08719346049046321,
    0.08860759493670886,
    0.08860759493670886,
    0.09215017064846416,
    0.09215017064846416,
    0.12380952380952381,
    0.12380952380952381,
    0.13195201744820068,
    0.13195201744820068,
    0.14555052790346912,
    0.14555052790346912,
    0.16125860373647985,
    0.16125860373647985,
    0.18226600985221675,
    0.18226600985221675,
    0.2109375,
    0.2109375,
    0.23529411764705882,
    0.23529411764705882,
    0.26890756302520996,
    0.26890756302520996,
    0.30392156862745096,
    0.30392156862745096,
    0.3333333333333333,
    0.3333333333333333,
    0.3541666666666667,
    0.3541666666666667,
    0.4666666666666667,
    0.4666666666666667,
    1.0,
    1.0
  ]
}