{
  "x_thresholds": [
    0.03581405058503151,
    0.042821068316698074,
    0.04282278195023537,
    0.04852328076958656,
    0.04852396994829178,
    0.051331762224435806,
    0.05133439600467682,
    0.05680255591869354,
    0.05680501088500023,
    0.05719989165663719,
    0.05720279738306999,
    0.05909748375415802,
    0.059099651873111725,
    0.060361988842487335,
    0.06036606431007385,
    0.06287608295679092,
    0.06287834793329239,
    0.06511346250772476,
    0.06511462479829788,
    0.06577061861753464,
    0.06577207148075104,
    0.07290691882371902,
    0.07291160523891449,
    0.07379058003425598,
    0.07379451394081116,
    0.07719001919031143,
    0.07719704508781433,
    0.07838409394025803,
    0.07838788628578186,
    0.07928147912025452,
    0.07928342372179031,
    0.08314342796802521,
    0.08314597606658936,
    0.08330128341913223,
    0.08331184834241867,
    0.0838361456990242,
    0.08384410291910172,
    0.08737392723560333,
    0.08737549930810928,
    0.08838718384504318,
    0.08838781714439392,
    0.08980116993188858,
    0.08980382233858109,
    0.10145362466573715,
    0.1014610007405281,
    0.12748229503631592,
    0.12758468091487885,
    0.12953810393810272,
    0.12954527139663696,
    0.1573723405599594,
    0.1574607640504837,
    0.17561276257038116,
    0.17582687735557556,
    0.17733515799045563,
    0.1773599237203598,
    0.26299822330474854,
    0.27901989221572876,
    0.3034057915210724
  ],
  "y_values": [
    0.0,
    0.0,
    0.0015961691939345571,
    0.0015961691939345571,
    0.003436426116838488,
    0.003436426116838488,
    0.007483629560336763,
    0.007483629560336763,
    0.009900990099009901,
    0.009900990099009901,
    0.010178117048346057,
    0.010178117048346057,
    0.024291497975708502,
    0.024291497975708502,
    0.03162055335968379,
    0.03162055335968379,
    0.03164556962025317,
    0.03164556962025317,
    0.03184713375796178,
    0.03184713375796178,
    0.04658583280153159,
    0.04658583280153159,
    0.065,
    0.065,
    0.06901408450704226,
    0.06901408450704226,
    0.08235294117647059,
    0.08235294117647059,
    0.0875,
    0.0875,
    0.10344827586206896,
    0.10344827586206896,
    0.1111111111111111,
    0.1111111111111111,
    0.11494252873563218,
    0.11494252873563218,
    0.12310606060606061,
    0.12310606060606061,
    0.13533834586466162,
    0.13533834586466162,
    0.14201183431952663,
    0.14201183431952663,
    0.14638447971781304,
    0.14638447971781304,
    0.1592775041050903,
    0.1592775041050903,
    0.18,
    0.18,
    0.2571428571428571,
    0.2571428571428571,
    0.30833333333333335,
    0.30833333333333335,
    0.3333333333333333,
    0.3333333333333333,
    0.425,
    0.425,
    0.5,
    0.5
  ]
}