{
  "x_thresholds": [
    0.0005634076078422368,
    0.006987731903791428,
    0.006993888411670923,
    0.02012355625629425,
    0.02014891989529133,
    0.024430742487311363,
    0.024439465254545212,
    0.0284084752202034,
    0.0284104160964489,
    0.03260059654712677,
    0.03260204568505287,
    0.03569481149315834,
    0.03570542111992836,
    0.04219326749444008,
    0.04219333082437515,
    0.050764136016368866,
    0.05076473206281662,
    0.0704813227057457,
    0.07049253582954407,
    0.07250839471817017,
    0.07251767814159393,
    0.07467498630285263,
    0.07467564195394516,
    0.07821676135063171,
    0.078250952064991,
    0.08608116209506989,
    0.08625154942274094,
    0.10620998591184616,
    0.10622891038656235,
    0.11220743507146835,
    0.1122371181845665,
    0.11419980973005295,
    0.11421629786491394,
    0.11939249187707901,
    0.11945676803588867,
    0.12025362253189087,
    0.12027449160814285,
    0.13414472341537476,
    0.13419029116630554,
    0.15254150331020355,
    0.1525735706090927,
    0.16754649579524994,
    0.1676335632801056,
    0.17109519243240356,
    0.1712016463279724,
    0.1952061504125595,
    0.19554586708545685,
    0.20219022035598755,
    0.20236459374427795,
    0.24179436266422272,
    0.24180075526237488,
    0.24493885040283203,
    0.24508433043956757,
    0.2474997490644455,
    0.2475508749485016,
    0.28651490807533264,
    0.28698575496673584,
    0.29222631454467773,
    0.29288631677627563,
    0.33822789788246155,
    0.3392997086048126,
    0.3501587212085724,
    0.3501739501953125,
    0.3505157232284546,
    0.3505450487136841,
    0.371038556098938,
    0.37123608589172363,
    0.386643648147583,
    0.3876670300960541,
    0.4742763936519623,
    0.47495877742767334,
    0.48593881726264954,
    0.486087828874588,
    0.5587626695632935,
    0.5589770078659058,
    0.6770396828651428,
    0.6771413087844849,
    0.8539516925811768,
    0.8648614883422852,
    0.8889490962028503
  ],
  "y_values": [
    0.0,
    0.0,
    0.003303964757709251,
    0.003303964757709251,
    0.006872852233676976,
    0.006872852233676976,
    0.008298755186721992,
    0.008298755186721992,
    0.008888888888888889,
    0.008888888888888889,
    0.01384083044982699,
    0.01384083044982699,
    0.020257826887661142,
    0.020257826887661142,
    0.027257240204429302,
    0.027257240204429302,
    0.04467005076142132,
    0.04467005076142132,
    0.047058823529411764,
    0.047058823529411764,
    0.05263157894736842,
    0.05263157894736842,
    0.058823529411764705,
    0.058823529411764705,
    0.06854838709677419,
    0.06854838709677419,
    0.07020872865275142,
    0.07020872865275142,
    0.07352941176470588,
    0.07352941176470588,
    0.08108108108108109,
    0.08108108108108109,
    0.08737864077669903,
    0.08737864077669903,
    0.1,
    0.1,
    0.10843373493975904,
    0.10843373493975904,
    0.1346938775510204,
    0.1346938775510204,
    0.14893617021276595,
    0.14893617021276595,
    0.16216216216216217,
    0.16216216216216217,
    0.19491525423728814,
    0.19491525423728814,
    0.2,
    0.2,
    0.21631205673758866,
    0.21631205673758866,
    0.23076923076923078,
    0.23076923076923078,
    0.25,
    0.25,
    0.2790697674418604,
    0.2790697674418604,
    0.34782608695652173,
    0.34782608695652173,
    0.38,
    0.38,
    0.43243243243243246,
    0.43243243243243246,
    0.5,
    0.5,
    0.5172413793103449,
    0.5172413793103449,
    0.5476190476190477,
    0.5476190476190477,
    0.5947712418300654,
    0.5947712418300654,
    0.7368421052631579,
    0.7368421052631579,
    0.7938144329896907,
    0.7938144329896907,
    0.8947368421052632,
    0.8947368421052632,
    0.959349593495935,
    0.959349593495935,
    1.0,
    1.0
  ]
}