{
  "x_thresholds": [
    0.04023503512144089,
    0.04535171017050743,
    0.04535636305809021,
    0.052279647439718246,
    0.05228482559323311,
    0.05524757131934166,
    0.05525904521346092,
    0.05708843842148781,
    0.05709167942404747,
    0.059151556342840195,
    0.05916735529899597,
    0.05971305072307587,
    0.05971450358629227,
    0.06122630089521408,
    0.061230842024087906,
    0.06254448741674423,
    0.06254567950963974,
    0.06732907146215439,
    0.06733749806880951,
    0.06883859634399414,
    0.06885825097560883,
    0.07279488444328308,
    0.07279567420482635,
    0.07468222081661224,
    0.07469823956489563,
    0.0774911642074585,
    0.07749301940202713,
    0.07762998342514038,
    0.07763366401195526,
    0.0777861699461937,
    0.0777866467833519,
    0.08040658384561539,
    0.08040724694728851,
    0.08214771747589111,
    0.08215346932411194,
    0.08236360549926758,
    0.08236537128686905,
    0.10240643471479416,
    0.10241744667291641,
    0.11653602868318558,
    0.11655252426862717,
    0.12213606387376785,
    0.12213677912950516,
    0.13077384233474731,
    0.13081614673137665,
    0.15220989286899567,
    0.15225844085216522,
    0.16935786604881287,
    0.16959905624389648,
    0.20989485085010529,
    0.21094240248203278,
    0.6166127324104309
  ],
  "y_values": [
    0.0,
    0.0,
    0.0012853470437017994,
    0.0012853470437017994,
    0.004573170731707317,
    0.004573170731707317,
    0.008888888888888889,
    0.008888888888888889,
    0.013186813186813187,
    0.013186813186813187,
    0.017391304347826087,
    0.017391304347826087,
    0.02064896755162242,
    0.02064896755162242,
    0.02406417112299465,
    0.02406417112299465,
    0.04417670682730924,
    0.04417670682730924,
    0.045584045584045586,
    0.045584045584045586,
    0.06051587301587301,
    0.06051587301587301,
    0.06860706860706861,
    0.06860706860706861,
    0.08513931888544891,
    0.08513931888544891,
    0.09090909090909091,
    0.09090909090909091,
    0.1,
    0.1,
    0.10207939508506617,
    0.10207939508506617,
    0.10580204778156996,
    0.10580204778156996,
    0.1111111111111111,
    0.1111111111111111,
    0.13488797439414724,
    0.13488797439414724,
    0.15,
    0.15,
    0.15606936416184972,
    0.15606936416184972,
    0.18725099601593626,
    0.18725099601593626,
    0.24242424242424243,
    0.24242424242424243,
    0.3157894736842105,
    0.3157894736842105,
    0.36065573770491804,
    0.36065573770491804,
    0.4666666666666667,
    0.4666666666666667
  ]
}