{
  "x_thresholds": [
    0.0019324469612911344,
    0.010943856090307236,
    0.010946815833449364,
    0.019743245095014572,
    0.0197472982108593,
    0.032197505235672,
    0.03223048150539398,
    0.033743966370821,
    0.03374903276562691,
    0.0351836271584034,
    0.03518630191683769,
    0.04879195988178253,
    0.04881127178668976,
    0.06521861255168915,
    0.06523259729146957,
    0.06721088290214539,
    0.06721523404121399,
    0.0760660246014595,
    0.07609698921442032,
    0.08728718012571335,
    0.08729072660207748,
    0.09372903406620026,
    0.09381808340549469,
    0.10053687542676926,
    0.10054368525743484,
    0.10209283232688904,
    0.1021011620759964,
    0.11601263284683228,
    0.11601901799440384,
    0.11683961004018784,
    0.11686807125806808,
    0.13373681902885437,
    0.13376936316490173,
    0.14017020165920258,
    0.1402265429496765,
    0.144903764128685,
    0.144956573843956,
    0.14699052274227142,
    0.14706097543239594,
    0.15212181210517883,
    0.15218625962734222,
    0.15258388221263885,
    0.15258966386318207,
    0.1637437790632248,
    0.16375812888145447,
    0.17685751616954803,
    0.17701101303100586,
    0.18455779552459717,
    0.18459972739219666,
    0.19037498533725739,
    0.1904122680425644,
    0.1916784644126892,
    0.1917172223329544,
    0.213941752910614,
    0.21396324038505554,
    0.21689334511756897,
    0.2170029878616333,
    0.22930239140987396,
    0.22936344146728516,
    0.2332744300365448,
    0.23332609236240387,
    0.2600996494293213,
    0.26022449135780334,
    0.2726602852344513,
    0.2727659046649933,
    0.3123649060726166,
    0.3125356137752533,
    0.3410961329936981,
    0.3414134085178375,
    0.3744537830352783,
    0.3749275505542755,
    0.4001222252845764,
    0.40259790420532227,
    0.7075704336166382
  ],
  "y_values": [
    0.0,
    0.0,
    0.0006702412868632708,
    0.0006702412868632708,
    0.0029411764705882353,
    0.0029411764705882353,
    0.007246376811594203,
    0.007246376811594203,
    0.015151515151515152,
    0.015151515151515152,
    0.016713091922005572,
    0.016713091922005572,
    0.018584070796460177,
    0.018584070796460177,
    0.032,
    0.032,
    0.03518518518518519,
    0.03518518518518519,
    0.048109965635738834,
    0.048109965635738834,
    0.061488673139158574,
    0.061488673139158574,
    0.0771604938271605,
    0.0771604938271605,
    0.07936507936507936,
    0.07936507936507936,
    0.08870967741935484,
    0.08870967741935484,
    0.1111111111111111,
    0.1111111111111111,
    0.11164274322169059,
    0.11164274322169059,
    0.1261682242990654,
    0.1261682242990654,
    0.13245033112582782,
    0.13245033112582782,
    0.140625,
    0.140625,
    0.16149068322981366,
    0.16149068322981366,
    0.16666666666666666,
    0.16666666666666666,
    0.20069204152249134,
    0.20069204152249134,
    0.22222222222222218,
    0.22222222222222218,
    0.2677165354330709,
    0.2677165354330709,
    0.2727272727272727,
    0.2727272727272727,
    0.2857142857142857,
    0.2857142857142857,
    0.31730769230769224,
    0.31730769230769224,
    0.3333333333333333,
    0.3333333333333333,
    0.35714285714285715,
    0.35714285714285715,
    0.3684210526315789,
    0.3684210526315789,
    0.4262295081967213,
    0.4262295081967213,
    0.4461538461538462,
    0.4461538461538462,
    0.48175182481751827,
    0.48175182481751827,
    0.6190476190476191,
    0.6190476190476191,
    0.6744186046511629,
    0.6744186046511629,
    0.75,
    0.75,
    0.7727272727272727,
    0.7727272727272727
  ]
}