{
  "x_thresholds": [
    0.03599026799201965,
    0.04368066415190697,
    0.04368129000067711,
    0.05161670967936516,
    0.05162404850125313,
    0.052443068474531174,
    0.05244539678096771,
    0.05329463258385658,
    0.05329708382487297,
    0.05626589432358742,
    0.05627649649977684,
    0.05838320776820183,
    0.05838428810238838,
    0.05867176130414009,
    0.05867375060915947,
    0.059839848428964615,
    0.05984007939696312,
    0.06206377595663071,
    0.062064893543720245,
    0.06344566494226456,
    0.06344763189554214,
    0.06375972181558609,
    0.06376487761735916,
    0.06500265002250671,
    0.06500720977783203,
    0.06650572270154953,
    0.0665079727768898,
    0.0673506036400795,
    0.06735104322433472,
    0.06754238903522491,
    0.06754256784915924,
    0.07336775958538055,
    0.07336842268705368,
    0.07544087618589401,
    0.0754445269703865,
    0.07580119371414185,
    0.0758104994893074,
    0.0767664834856987,
    0.07677020132541656,
    0.0771581307053566,
    0.07715845853090286,
    0.07747596502304077,
    0.07748354971408844,
    0.07798153162002563,
    0.07798169553279877,
    0.07933419197797775,
    0.07937286794185638,
    0.0829780325293541,
    0.08298256993293762,
    0.0836976021528244,
    0.08370352536439896,
    0.08520597964525223,
    0.08521897345781326,
    0.08690951019525528,
    0.0869135782122612,
    0.08836466073989868,
    0.08837296813726425,
    0.095140241086483,
    0.09514327347278595,
    0.10329794883728027,
    0.10332218557596207,
    0.1277386099100113,
    0.1277589052915573,
    0.13101644814014435,
    0.13106463849544525,
    0.1310739815235138,
    0.13109537959098816,
    0.15087836980819702,
    0.15092059969902039,
    0.1531711220741272,
    0.1532989889383316,
    0.17027439177036285,
    0.17075133323669434,
    0.22206319868564606,
    0.22318120300769806,
    0.6338127851486206
  ],
  "y_values": [
    0.0,
    0.0,
    0.0011730205278592375,
    0.0011730205278592375,
    0.005434782608695652,
    0.005434782608695652,
    0.005555555555555556,
    0.005555555555555556,
    0.008103727714748784,
    0.008103727714748784,
    0.013100436681222707,
    0.013100436681222707,
    0.018518518518518517,
    0.018518518518518517,
    0.019157088122605363,
    0.019157088122605363,
    0.02608695652173913,
    0.02608695652173913,
    0.028938906752411574,
    0.028938906752411574,
    0.038461538461538464,
    0.038461538461538464,
    0.03942652329749104,
    0.03942652329749104,
    0.04216867469879518,
    0.04216867469879518,
    0.04891304347826087,
    0.04891304347826087,
    0.05,
    0.05,
    0.05011219147344802,
    0.05011219147344802,
    0.06458333333333334,
    0.06458333333333334,
    0.07462686567164178,
    0.07462686567164178,
    0.07692307692307693,
    0.07692307692307693,
    0.08333333333333333,
    0.08333333333333333,
    0.0847457627118644,
    0.0847457627118644,
    0.09090909090909091,
    0.09090909090909091,
    0.10465116279069768,
    0.10465116279069768,
    0.10776545166402536,
    0.10776545166402536,
    0.11851851851851852,
    0.11851851851851852,
    0.12017167381974249,
    0.12017167381974249,
    0.13307984790874525,
    0.13307984790874525,
    0.1346153846153846,
    0.1346153846153846,
    0.14157014157014158,
    0.14157014157014158,
    0.1441860465116279,
    0.1441860465116279,
    0.15284249767008387,
    0.15284249767008387,
    0.21428571428571427,
    0.21428571428571427,
    0.25,
    0.25,
    0.257396449704142,
    0.257396449704142,
    0.2647058823529412,
    0.2647058823529412,
    0.31386861313868614,
    0.31386861313868614,
    0.3835616438356164,
    0.3835616438356164,
    0.46153846153846156,
    0.46153846153846156
  ]
}