{
  "x_thresholds": [
    0.03970558941364288,
    0.04766396805644035,
    0.04767439886927605,
    0.05328759178519249,
    0.05328870937228203,
    0.05429528281092644,
    0.054297856986522675,
    0.054662588983774185,
    0.05466659367084503,
    0.05496339127421379,
    0.054968345910310745,
    0.05719534307718277,
    0.057198233902454376,
    0.058233946561813354,
    0.058236900717020035,
    0.05857224017381668,
    0.05857330560684204,
    0.06241176277399063,
    0.0624183751642704,
    0.06280800700187683,
    0.06280919909477234,
    0.06617001444101334,
    0.06617660075426102,
    0.06634937226772308,
    0.06635215878486633,
    0.06833162903785706,
    0.06833572685718536,
    0.07079537957906723,
    0.0707964301109314,
    0.07241573929786682,
    0.07241789251565933,
    0.0746806412935257,
    0.07468872517347336,
    0.07565072923898697,
    0.07565199583768845,
    0.07593691349029541,
    0.07593752443790436,
    0.07702852785587311,
    0.07702897489070892,
    0.08181793242692947,
    0.08184421807527542,
    0.08363095670938492,
    0.08363525569438934,
    0.08386223763227463,
    0.0838746502995491,
    0.10147472470998764,
    0.10148556530475616,
    0.10179021209478378,
    0.10179416090250015,
    0.11866731196641922,
    0.11870451271533966,
    0.11929158121347427,
    0.11932402104139328,
    0.12103437632322311,
    0.12107010185718536,
    0.12766247987747192,
    0.12767855823040009,
    0.1300654113292694,
    0.13007648289203644,
    0.13024233281612396,
    0.130250483751297,
    0.15454426407814026,
    0.1546739637851715,
    0.18047383427619934,
    0.18128179013729095,
    0.19322291016578674,
    0.19347840547561646,
    0.20956778526306152,
    0.20989753305912018,
    0.23163047432899475,
    0.23444004356861115,
    0.34797143936157227
  ],
  "y_values": [
    0.0,
    0.0,
    0.0031705770450221942,
    0.0031705770450221942,
    0.006734006734006734,
    0.006734006734006734,
    0.009900990099009901,
    0.009900990099009901,
    0.012048192771084338,
    0.012048192771084338,
    0.012578616352201259,
    0.012578616352201259,
    0.019083969465648856,
    0.019083969465648856,
    0.021052631578947368,
    0.021052631578947368,
    0.022542831379621278,
    0.022542831379621278,
    0.02727272727272727,
    0.02727272727272727,
    0.04707012487992315,
    0.04707012487992315,
    0.05263157894736842,
    0.05263157894736842,
    0.05904059040590406,
    0.05904059040590406,
    0.06184210526315791,
    0.06184210526315791,
    0.06694560669456066,
    0.06694560669456066,
    0.07705192629815745,
    0.07705192629815745,
    0.08333333333333333,
    0.08333333333333333,
    0.08974358974358974,
    0.08974358974358974,
    0.1082089552238806,
    0.1082089552238806,
    0.11473684210526315,
    0.11473684210526315,
    0.13138686131386862,
    0.13138686131386862,
    0.13513513513513514,
    0.13513513513513514,
    0.14045886961387802,
    0.14045886961387802,
    0.14285714285714285,
    0.14285714285714285,
    0.14856429463171034,
    0.14856429463171034,
    0.15789473684210525,
    0.15789473684210525,
    0.16326530612244897,
    0.16326530612244897,
    0.17857142857142858,
    0.17857142857142858,
    0.1791044776119403,
    0.1791044776119403,
    0.2,
    0.2,
    0.23184357541899442,
    0.23184357541899442,
    0.2692307692307692,
    0.2692307692307692,
    0.3,
    0.3,
    0.35714285714285715,
    0.35714285714285715,
    0.46153846153846156,
    0.46153846153846156,
    0.5,
    0.5
  ]
}