{
  "x_thresholds": [
    0.034281373023986816,
    0.038833003491163254,
    0.03884759545326233,
    0.049493130296468735,
    0.04951256886124611,
    0.05145229771733284,
    0.05146099999547005,
    0.05249802768230438,
    0.05250018090009689,
    0.054500237107276917,
    0.05450638383626938,
    0.05562466382980347,
    0.05563945695757866,
    0.05634908005595207,
    0.056349676102399826,
    0.06038029491901398,
    0.06038341671228409,
    0.0609404556453228,
    0.06094810739159584,
    0.06301874667406082,
    0.06304968893527985,
    0.06527390331029892,
    0.0652763620018959,
    0.06556680798530579,
    0.06557201594114304,
    0.06846660375595093,
    0.06846949458122253,
    0.07136648148298264,
    0.07137641310691833,
    0.07611868530511856,
    0.07611943781375885,
    0.07926646620035172,
    0.0792667418718338,
    0.08085674792528152,
    0.08086518198251724,
    0.08382976800203323,
    0.08383174985647202,
    0.0874839499592781,
    0.0874955803155899,
    0.08884447813034058,
    0.08887257426977158,
    0.08993425220251083,
    0.08994971960783005,
    0.09545710682868958,
    0.09546361118555069,
    0.09794755280017853,
    0.0979616567492485,
    0.10439450293779373,
    0.10440077632665634,
    0.10707550495862961,
    0.1070767194032669,
    0.10793406516313553,
    0.10794889181852341,
    0.13032390177249908,
    0.13033859431743622,
    0.1418628990650177,
    0.1418856978416443,
    0.14724156260490417,
    0.14727157354354858,
    0.1493384838104248,
    0.14937248826026917,
    0.16926342248916626,
    0.16930478811264038,
    0.18175570666790009,
    0.1822199672460556,
    0.19920195639133453,
    0.19994723796844482,
    0.22603745758533478,
    0.22691775858402252,
    0.23781166970729828,
    0.238005593419075,
    0.2767307162284851,
    1.0
  ],
  "y_values": [
    0.0,
    0.0,
    0.0014184397163120568,
    0.0014184397163120568,
    0.005012531328320802,
    0.005012531328320802,
    0.0056179775280898875,
    0.0056179775280898875,
    0.0076726342710997444,
    0.0076726342710997444,
    0.009009009009009009,
    0.009009009009009009,
    0.015151515151515152,
    0.015151515151515152,
    0.018445322793148883,
    0.018445322793148883,
    0.019801980198019802,
    0.019801980198019802,
    0.02127659574468085,
    0.02127659574468085,
    0.03680981595092025,
    0.03680981595092025,
    0.0392156862745098,
    0.0392156862745098,
    0.039473684210526314,
    0.039473684210526314,
    0.0451505016722408,
    0.0451505016722408,
    0.05520833333333333,
    0.05520833333333333,
    0.08180300500834725,
    0.08180300500834725,
    0.08365019011406843,
    0.08365019011406843,
    0.0944558521560575,
    0.0944558521560575,
    0.1286231884057971,
    0.1286231884057971,
    0.13368983957219252,
    0.13368983957219252,
    0.13533834586466165,
    0.13533834586466165,
    0.13749999999999998,
    0.13749999999999998,
    0.1471861471861472,
    0.1471861471861472,
    0.1511627906976744,
    0.1511627906976744,
    0.16161616161616163,
    0.16161616161616163,
    0.16981132075471697,
    0.16981132075471697,
    0.17478813559322035,
    0.17478813559322035,
    0.23886639676113366,
    0.23886639676113366,
    0.27380952380952384,
    0.27380952380952384,
    0.28205128205128205,
    0.28205128205128205,
    0.29230769230769227,
    0.29230769230769227,
    0.34545454545454546,
    0.34545454545454546,
    0.42857142857142855,
    0.42857142857142855,
    0.43478260869565216,
    0.43478260869565216,
    0.5,
    0.5,
    0.625,
    0.625,
    1.0
  ]
}