{
  "x_thresholds": [
    0.03617233410477638,
    0.043668534606695175,
    0.043677445501089096,
    0.04799339547753334,
    0.04799741879105568,
    0.05316602811217308,
    0.053167540580034256,
    0.061305493116378784,
    0.0613069087266922,
    0.06233395263552666,
    0.06233512610197067,
    0.06368421763181686,
    0.06368845701217651,
    0.06412766128778458,
    0.06413059681653976,
    0.06493076682090759,
    0.06493404507637024,
    0.06545290350914001,
    0.06545345485210419,
    0.07148685306310654,
    0.07149156183004379,
    0.0745081901550293,
    0.07451418787240982,
    0.07542476803064346,
    0.07543545961380005,
    0.07572418451309204,
    0.07572827488183975,
    0.07809973508119583,
    0.07810083031654358,
    0.08136115223169327,
    0.08136649429798126,
    0.08171664923429489,
    0.08172059804201126,
    0.08255364745855331,
    0.0825539380311966,
    0.08637100458145142,
    0.0863712951540947,
    0.08688953518867493,
    0.0868997722864151,
    0.08717385679483414,
    0.08717469871044159,
    0.09961985796689987,
    0.09962915629148483,
    0.10018563270568848,
    0.10019581019878387,
    0.12044341117143631,
    0.12047374248504639,
    0.1288885623216629,
    0.1289103925228119,
    0.12913896143436432,
    0.12916338443756104,
    0.1550978124141693,
    0.15511174499988556,
    0.1635470688343048,
    0.16364318132400513,
    0.16623865067958832,
    0.16638486087322235,
    0.17761696875095367,
    0.17777618765830994,
    0.21261030435562134,
    0.21537072956562042,
    0.23324409127235413,
    0.23374170064926147,
    0.25494375824928284,
    0.2582540214061737
  ],
  "y_values": [
    0.0,
    0.0,
    0.0028462998102466793,
    0.0028462998102466793,
    0.0034782608695652175,
    0.0034782608695652175,
    0.011668611435239206,
    0.011668611435239206,
    0.014563106796116505,
    0.014563106796116505,
    0.04088050314465409,
    0.04088050314465409,
    0.04132231404958678,
    0.04132231404958678,
    0.047872340425531915,
    0.047872340425531915,
    0.050359712230215826,
    0.050359712230215826,
    0.05373342637822749,
    0.05373342637822749,
    0.05563480741797432,
    0.05563480741797432,
    0.06481481481481481,
    0.06481481481481481,
    0.06666666666666667,
    0.06666666666666667,
    0.06932773109243698,
    0.06932773109243698,
    0.08617886178861789,
    0.08617886178861789,
    0.08771929824561403,
    0.08771929824561403,
    0.11842105263157894,
    0.11842105263157894,
    0.13861386138613857,
    0.13861386138613857,
    0.13924050632911392,
    0.13924050632911392,
    0.14,
    0.14,
    0.14139194139194142,
    0.14139194139194142,
    0.16326530612244897,
    0.16326530612244897,
    0.16589002795899346,
    0.16589002795899346,
    0.16595744680851063,
    0.16595744680851063,
    0.16666666666666666,
    0.16666666666666666,
    0.26431718061674014,
    0.26431718061674014,
    0.26666666666666666,
    0.26666666666666666,
    0.2857142857142857,
    0.2857142857142857,
    0.2926829268292683,
    0.2926829268292683,
    0.375,
    0.375,
    0.4,
    0.4,
    0.5,
    0.5,
    1.0
  ]
}