{
  "x_thresholds": [
    0.004364501525781863,
    0.006849565897819062,
    0.006851562645357606,
    0.008584719138846533,
    0.00860148462324007,
    0.01703523939067889,
    0.017035517317534252,
    0.018951488416286234,
    0.018955841996847227,
    0.021702750518451552,
    0.021706978716756517,
    0.030273262151705015,
    0.03027471089546133,
    0.034340141837519926,
    0.034342077258622525,
    0.034996019085863285,
    0.035006934985093885,
    0.03859364525628366,
    0.038595490432349416,
    0.04784354262646568,
    0.0478473410864441,
    0.06124629495478359,
    0.061252273899256734,
    0.07065553330924124,
    0.07067001068826066,
    0.0855549655369774,
    0.0855585106037516,
    0.0865370757543941,
    0.08664142749762307,
    0.09196263222739236,
    0.09200353279270464,
    0.10255849600609085,
    0.1026053484544003,
    0.10708554488919178,
    0.1071144905558522,
    0.12559483999276438,
    0.1256251379310947,
    0.1260590882793356,
    0.12613852144300988,
    0.12660599923534416,
    0.12664126215630953,
    0.16377998633309124,
    0.1638157736097946,
    0.1829265507976746,
    0.1829502160836031,
    0.2164125984885599,
    0.2170014605081305,
    0.24637241809380375,
    0.24647061397779535,
    0.2763776193669231,
    0.2764462142778853,
    0.29452222120013516,
    0.294586392340215,
    0.2971786290901452,
    0.297268445538557,
    0.3178296281554941,
    0.31837529133311043,
    0.35065846259255873,
    0.35070214365356106,
    0.4030047111762154,
    0.40387231580239813,
    0.4092441434287839,
    0.4097923111996932,
    0.4606180490840378,
    0.46324094282784856,
    0.6034255555514556
  ],
  "y_values": [
    0.0,
    0.0,
    0.0016129032258064516,
    0.0016129032258064516,
    0.002031488065007618,
    0.002031488065007618,
    0.0057306590257879654,
    0.0057306590257879654,
    0.009478672985781991,
    0.009478672985781991,
    0.0113314447592068,
    0.0113314447592068,
    0.026004728132387706,
    0.026004728132387706,
    0.027777777777777776,
    0.027777777777777776,
    0.028720626631853787,
    0.028720626631853787,
    0.030495552731893267,
    0.030495552731893267,
    0.050314465408805034,
    0.050314465408805034,
    0.06100217864923747,
    0.06100217864923747,
    0.06826801517067003,
    0.06826801517067003,
    0.07272727272727272,
    0.07272727272727272,
    0.08502024291497975,
    0.08502024291497975,
    0.08734939759036145,
    0.08734939759036145,
    0.12121212121212122,
    0.12121212121212122,
    0.13281249999999997,
    0.13281249999999997,
    0.15384615384615385,
    0.15384615384615385,
    0.15789473684210525,
    0.15789473684210525,
    0.16490765171503957,
    0.16490765171503957,
    0.18333333333333332,
    0.18333333333333332,
    0.2268041237113402,
    0.2268041237113402,
    0.25819672131147536,
    0.25819672131147536,
    0.28,
    0.28,
    0.291970802919708,
    0.291970802919708,
    0.375,
    0.375,
    0.37735849056603776,
    0.37735849056603776,
    0.40310077519379844,
    0.40310077519379844,
    0.4112903225806452,
    0.4112903225806452,
    0.5,
    0.5,
    0.5689655172413793,
    0.5689655172413793,
    0.7222222222222222,
    0.7222222222222222
  ]
}