{
  "x_thresholds": [
    0.0023458264993946884,
    0.011372978450598039,
    0.011376580630730814,
    0.01629333661203017,
    0.016295017899857805,
    0.023613497217236774,
    0.023629494025467587,
    0.02549522738876341,
    0.0255028221550899,
    0.028474792363445203,
    0.02847697766942054,
    0.03390500247691568,
    0.03391496739873075,
    0.042035781137572996,
    0.042043232455919635,
    0.04641501146946848,
    0.04641747756184503,
    0.04732051969438798,
    0.047324162122695954,
    0.05640388946862542,
    0.05642334068270451,
    0.06939933102959886,
    0.06940434607225182,
    0.08147843364117262,
    0.08149719057444954,
    0.0857679666338194,
    0.0857700977654594,
    0.09379257019154208,
    0.0938016208203506,
    0.09484471342947597,
    0.09493794499754099,
    0.11428942065169004,
    0.11429232936426367,
    0.11737444593804663,
    0.11739767093295796,
    0.11791253723032123,
    0.11793351166184861,
    0.1242490455391749,
    0.12431022444758724,
    0.1270651712844931,
    0.12709835029179453,
    0.1382473157406122,
    0.13827962020708867,
    0.16909113091888378,
    0.16918035989135405,
    0.17095012284356506,
    0.17096155599326843,
    0.17523716774722006,
    0.17528195080580997,
    0.1787732508173906,
    0.1788726482234993,
    0.18990804357016527,
    0.1900690468259899,
    0.1923006511012908,
    0.19238123899347967,
    0.22111890885096835,
    0.22130393145065574,
    0.22537890299161048,
    0.2255453569407661,
    0.26018904105207435,
    0.2602607768607964,
    0.28864069233534034,
    0.2888358187194493,
    0.33320943588744445,
    0.3353416889191053,
    0.3447269637848936,
    0.3462407188473164,
    0.44956716093273197,
    0.45175592394957487,
    0.48005639209688933
  ],
  "y_values": [
    0.0,
    0.0,
    0.0035211267605633804,
    0.0035211267605633804,
    0.005145797598627788,
    0.005145797598627788,
    0.006472491909385114,
    0.006472491909385114,
    0.006726457399103139,
    0.006726457399103139,
    0.017434620174346202,
    0.017434620174346202,
    0.027472527472527472,
    0.027472527472527472,
    0.028517110266159697,
    0.028517110266159697,
    0.03669724770642202,
    0.03669724770642202,
    0.03779366700715015,
    0.03779366700715015,
    0.061953931691818905,
    0.061953931691818905,
    0.07570422535211267,
    0.07570422535211267,
    0.08090614886731391,
    0.08090614886731391,
    0.08495575221238938,
    0.08495575221238938,
    0.10810810810810811,
    0.10810810810810811,
    0.11274060494958753,
    0.11274060494958753,
    0.12418300653594772,
    0.12418300653594772,
    0.125,
    0.125,
    0.13357400722021662,
    0.13357400722021662,
    0.13978494623655913,
    0.13978494623655913,
    0.152,
    0.152,
    0.1713091922005571,
    0.1713091922005571,
    0.17391304347826086,
    0.17391304347826086,
    0.19047619047619047,
    0.19047619047619047,
    0.22413793103448276,
    0.22413793103448276,
    0.22674418604651161,
    0.22674418604651161,
    0.23076923076923078,
    0.23076923076923078,
    0.25769230769230766,
    0.25769230769230766,
    0.25925925925925924,
    0.25925925925925924,
    0.3005181347150259,
    0.3005181347150259,
    0.3235294117647059,
    0.3235294117647059,
    0.3548387096774194,
    0.3548387096774194,
    0.5,
    0.5,
    0.59375,
    0.59375,
    1.0,
    1.0
  ]
}