{
  "x_thresholds": [
    0.0031207583000904303,
    0.012780252758592172,
    0.012785977867091286,
    0.01635938087281633,
    0.01636241985747495,
    0.023087950215993854,
    0.023090537455389675,
    0.02715763565217557,
    0.027158819586419258,
    0.02845175578682162,
    0.02845825753963299,
    0.030080915478726187,
    0.030088395887035987,
    0.04051739610519947,
    0.040517945296181364,
    0.042048359624851823,
    0.042059774617620865,
    0.04872282261554454,
    0.04872786139219429,
    0.05602713115959665,
    0.05603379202856533,
    0.06275307837564588,
    0.062761760204425,
    0.06557324559974805,
    0.06562460619808055,
    0.06922624885139175,
    0.06924429138283171,
    0.07328824148956288,
    0.07329079647198936,
    0.07869985595522198,
    0.0787102209196182,
    0.08479273929205138,
    0.08479483709785804,
    0.09042862234003256,
    0.09043352520904342,
    0.11190655131340055,
    0.11193187676163857,
    0.11289293778446882,
    0.11292150852993686,
    0.11572708681092019,
    0.11572824692285709,
    0.12314240808887277,
    0.12316113240140725,
    0.13059109964919308,
    0.130599770050378,
    0.14542696234517968,
    0.14548877572609809,
    0.1461112590987072,
    0.14621902976360845,
    0.18168601112624716,
    0.1817406863786203,
    0.21805855626086584,
    0.21828904147537354,
    0.22479635204061227,
    0.22506776048577934,
    0.22731077657234428,
    0.2277059879280379,
    0.23897999431329733,
    0.2393702954496295,
    0.28295407677120754,
    0.282987085292742,
    0.30366024755120136,
    0.30475660350014133,
    0.31149037568215965,
    0.31226132039500876,
    0.36246537089486436,
    0.3630324444887187,
    0.43083332141151326,
    0.4619049165668207,
    0.4739829254674118
  ],
  "y_values": [
    0.0,
    0.0,
    0.0048543689320388345,
    0.0048543689320388345,
    0.005797101449275362,
    0.005797101449275362,
    0.013452914798206279,
    0.013452914798206279,
    0.013888888888888888,
    0.013888888888888888,
    0.016129032258064516,
    0.016129032258064516,
    0.017651052274270197,
    0.017651052274270197,
    0.03167420814479638,
    0.03167420814479638,
    0.03952095808383234,
    0.03952095808383234,
    0.04066985645933014,
    0.04066985645933014,
    0.05383580080753702,
    0.05383580080753702,
    0.05387205387205387,
    0.05387205387205387,
    0.06149732620320856,
    0.06149732620320856,
    0.07242339832869081,
    0.07242339832869081,
    0.07515657620041753,
    0.07515657620041753,
    0.08264462809917356,
    0.08264462809917356,
    0.08863636363636364,
    0.08863636363636364,
    0.09801031687546055,
    0.09801031687546055,
    0.10638297872340426,
    0.10638297872340426,
    0.11805555555555555,
    0.11805555555555555,
    0.13486842105263158,
    0.13486842105263158,
    0.1519434628975265,
    0.1519434628975265,
    0.15336134453781516,
    0.15336134453781516,
    0.19047619047619047,
    0.19047619047619047,
    0.20204978038067353,
    0.20204978038067353,
    0.22043010752688172,
    0.22043010752688172,
    0.23404255319148937,
    0.23404255319148937,
    0.25,
    0.25,
    0.31343283582089554,
    0.31343283582089554,
    0.3458646616541353,
    0.3458646616541353,
    0.3870967741935484,
    0.3870967741935484,
    0.42857142857142855,
    0.42857142857142855,
    0.5384615384615384,
    0.5384615384615384,
    0.5833333333333334,
    0.5833333333333334,
    1.0,
    1.0
  ]
}