{
  "x_thresholds": [
    0.0031121812639439764,
    0.009956400174693153,
    0.009960143125290304,
    0.014971806541084562,
    0.014975019482757796,
    0.01818098169962693,
    0.018183462602509918,
    0.023638968318941068,
    0.02365017261151881,
    0.024936626370101685,
    0.024938656314015747,
    0.033349333291576445,
    0.03335580170578106,
    0.03552722904064956,
    0.035529592040976776,
    0.04769531399623664,
    0.04770162797999145,
    0.04792049187121452,
    0.04793357317728732,
    0.0512748757595482,
    0.051290672078692964,
    0.05148592382337465,
    0.05148913177107153,
    0.06029618710703671,
    0.06030266024951765,
    0.0621321420797008,
    0.06213888165256661,
    0.07248603924712696,
    0.07249190407426735,
    0.0812586066900021,
    0.08128548634659062,
    0.08471079382462149,
    0.08474728066697626,
    0.09857795332315548,
    0.09858096765196182,
    0.10773482294591231,
    0.10784386728266467,
    0.11538857517755052,
    0.11541642762212248,
    0.12435061134001167,
    0.12436370769511203,
    0.1260044351802917,
    0.1260159341449837,
    0.17057039835343377,
    0.17061244689474153,
    0.17261348587922892,
    0.1726659065644129,
    0.1735231451528879,
    0.1735338586174321,
    0.20455497683467883,
    0.20456486888185688,
    0.2684390501752109,
    0.268501210571061,
    0.3249181392582967,
    0.32522312591974956,
    0.3393755829823969,
    0.3401648385692364,
    0.3808104495278596,
    0.3824466573816624,
    0.40270107667157373,
    0.40499374210409633,
    0.4773233128176845,
    0.4806911901933986,
    0.5758951646536292,
    0.7324618732097138
  ],
  "y_values": [
    0.0,
    0.0,
    0.0030165912518853697,
    0.0030165912518853697,
    0.003484320557491289,
    0.003484320557491289,
    0.005257623554153523,
    0.005257623554153523,
    0.008333333333333333,
    0.008333333333333333,
    0.02134986225895317,
    0.02134986225895317,
    0.025,
    0.025,
    0.031108597285067877,
    0.031108597285067877,
    0.03571428571428571,
    0.03571428571428571,
    0.038929440389294405,
    0.038929440389294405,
    0.05,
    0.05,
    0.05111524163568773,
    0.05111524163568773,
    0.06179775280898876,
    0.06179775280898876,
    0.06951871657754011,
    0.06951871657754011,
    0.07275320970042796,
    0.07275320970042796,
    0.07468879668049792,
    0.07468879668049792,
    0.09813084112149532,
    0.09813084112149532,
    0.11529411764705882,
    0.11529411764705882,
    0.11976047904191617,
    0.11976047904191617,
    0.1501416430594901,
    0.1501416430594901,
    0.16393442622950818,
    0.16393442622950818,
    0.1702728127939793,
    0.1702728127939793,
    0.17073170731707318,
    0.17073170731707318,
    0.2,
    0.2,
    0.2265625,
    0.2265625,
    0.24819277108433735,
    0.24819277108433735,
    0.30994152046783624,
    0.30994152046783624,
    0.3181818181818182,
    0.3181818181818182,
    0.34210526315789475,
    0.34210526315789475,
    0.42857142857142855,
    0.42857142857142855,
    0.5,
    0.5,
    0.6666666666666666,
    0.6666666666666666,
    1.0
  ]
}