{
  "x_thresholds": [
    0.010918698745307745,
    0.015209076262057624,
    0.015209950108471471,
    0.017559454091696257,
    0.017559629013234632,
    0.02022513822992794,
    0.020229798635086768,
    0.024660237097300454,
    0.024664248905408727,
    0.02536653293663799,
    0.02536957116527932,
    0.027706643276355563,
    0.027711009343421206,
    0.039152118957888636,
    0.039154918108328794,
    0.039974829906039434,
    0.04001019835595686,
    0.0453813247701246,
    0.045386059422824414,
    0.0567425398368134,
    0.05674430186704296,
    0.06542054066324329,
    0.06542815298526669,
    0.06631401654954522,
    0.06633476753202547,
    0.06966509457265055,
    0.06966517668529511,
    0.08254473433716152,
    0.08255267345618755,
    0.0994051799035586,
    0.09943056228648563,
    0.10350921649881031,
    0.10353993670265497,
    0.10427222583278081,
    0.10429680996807586,
    0.1046888514946816,
    0.1046901002756828,
    0.10629563317529912,
    0.10630388988240079,
    0.11523670024358586,
    0.11525067910469994,
    0.12284553555970043,
    0.12287678976470878,
    0.13185911378585138,
    0.13190409355830487,
    0.1417071700501742,
    0.14171066542017052,
    0.1575231493817856,
    0.1576273930209898,
    0.17809904055926687,
    0.17817962744964969,
    0.17875237521260764,
    0.1787790299119608,
    0.1819645919940278,
    0.18202571464193754,
    0.21149343931962317,
    0.21157303030864538,
    0.2187436279720891,
    0.21875535154925557,
    0.23794667717917034,
    0.2380479943930292,
    0.24162445099029625,
    0.2420243386779973,
    0.2700731585130167,
    0.270182004198948,
    0.2769784044970892,
    0.27699919392986394,
    0.2954476341609083,
    0.2955331367730035,
    0.38581922634402344,
    0.39057741958352954,
    0.40699593695232583
  ],
  "y_values": [
    0.0,
    0.0,
    0.0016181229773462784,
    0.0016181229773462784,
    0.001694915254237288,
    0.001694915254237288,
    0.0027149321266968325,
    0.0027149321266968325,
    0.006896551724137931,
    0.006896551724137931,
    0.007058823529411765,
    0.007058823529411765,
    0.0077269800386349004,
    0.0077269800386349004,
    0.01904761904761905,
    0.01904761904761905,
    0.03236797274275979,
    0.03236797274275979,
    0.033824804856895055,
    0.033824804856895055,
    0.04942528735632184,
    0.04942528735632184,
    0.05714285714285714,
    0.05714285714285714,
    0.0593607305936073,
    0.0593607305936073,
    0.0654843110504775,
    0.0654843110504775,
    0.06712172923777018,
    0.06712172923777018,
    0.09659090909090909,
    0.09659090909090909,
    0.10256410256410256,
    0.10256410256410256,
    0.11764705882352941,
    0.11764705882352941,
    0.12280701754385964,
    0.12280701754385964,
    0.1337386018237082,
    0.1337386018237082,
    0.14344262295081966,
    0.14344262295081966,
    0.15441176470588236,
    0.15441176470588236,
    0.1602787456445993,
    0.1602787456445993,
    0.16253443526170797,
    0.16253443526170797,
    0.20954907161803712,
    0.20954907161803712,
    0.25,
    0.25,
    0.2542372881355932,
    0.2542372881355932,
    0.2710526315789473,
    0.2710526315789473,
    0.28,
    0.28,
    0.29767441860465116,
    0.29767441860465116,
    0.30303030303030304,
    0.30303030303030304,
    0.35106382978723405,
    0.35106382978723405,
    0.36666666666666664,
    0.36666666666666664,
    0.47058823529411764,
    0.47058823529411764,
    0.5263157894736841,
    0.5263157894736841,
    1.0,
    1.0
  ]
}