{
  "x_thresholds": [
    0.0011792172620609133,
    0.008816712667356005,
    0.008831596773370073,
    0.012832572828440353,
    0.012835409633200588,
    0.01677266508038918,
    0.016783190604431418,
    0.02484618574078638,
    0.024846765058307973,
    0.025541012481666465,
    0.02554142255619033,
    0.027518174791187903,
    0.02751848971231954,
    0.029636265180335953,
    0.02964808850182598,
    0.033869884534847315,
    0.03387822084643849,
    0.04395174184248589,
    0.04395372327221868,
    0.04806730780407062,
    0.04807038212317036,
    0.05581357558048847,
    0.05583287311758724,
    0.057576287926639005,
    0.057597836827169104,
    0.0702759029218656,
    0.07027617773230917,
    0.08074525353318052,
    0.08080034884466698,
    0.09484023253030949,
    0.09484500375230209,
    0.09570164443643063,
    0.0957573298165749,
    0.10043936001331845,
    0.10044601326145144,
    0.10214667449550753,
    0.10215182442533137,
    0.12173499535106562,
    0.12178663069434996,
    0.13126329989489835,
    0.13128367709684688,
    0.1396648968040857,
    0.1397181908514592,
    0.14357608145653214,
    0.14357946523840465,
    0.16376354783355138,
    0.16379975504632507,
    0.18075452137104484,
    0.18091735916135723,
    0.1836346782289399,
    0.18364182554508923,
    0.20663731466269084,
    0.20671480270210113,
    0.21231746022139045,
    0.21235961660616623,
    0.21252399313852985,
    0.21253885737645725,
    0.2175628370271599,
    0.21773408450195794,
    0.23922842931428334,
    0.23935108544327405,
    0.2871829850644283,
    0.28814425240639746,
    0.34587428799573805,
    0.3465473522136877,
    0.35043871883332245,
    0.35080938918470816,
    0.3789943974536118,
    0.3809224094740969,
    0.44992087861688906,
    0.45626325852013966,
    0.4927691895314886
  ],
  "y_values": [
    0.0,
    0.0,
    0.0026455026455026454,
    0.0026455026455026454,
    0.004056795131845842,
    0.004056795131845842,
    0.005413766434648105,
    0.005413766434648105,
    0.00909090909090909,
    0.00909090909090909,
    0.012195121951219513,
    0.012195121951219513,
    0.015384615384615385,
    0.015384615384615385,
    0.016025641025641024,
    0.016025641025641024,
    0.02490566037735849,
    0.02490566037735849,
    0.0334075723830735,
    0.0334075723830735,
    0.045838359469240045,
    0.045838359469240045,
    0.05314009661835749,
    0.05314009661835749,
    0.054365733113673806,
    0.054365733113673806,
    0.08333333333333333,
    0.08333333333333333,
    0.0847457627118644,
    0.0847457627118644,
    0.09230769230769231,
    0.09230769230769231,
    0.09491525423728814,
    0.09491525423728814,
    0.102803738317757,
    0.102803738317757,
    0.11820083682008369,
    0.11820083682008369,
    0.1358695652173913,
    0.1358695652173913,
    0.155893536121673,
    0.155893536121673,
    0.1732283464566929,
    0.1732283464566929,
    0.18493150684931506,
    0.18493150684931506,
    0.21311475409836064,
    0.21311475409836064,
    0.21951219512195122,
    0.21951219512195122,
    0.22568093385214008,
    0.22568093385214008,
    0.23214285714285715,
    0.23214285714285715,
    0.25,
    0.25,
    0.28205128205128205,
    0.28205128205128205,
    0.28346456692913385,
    0.28346456692913385,
    0.3224043715846995,
    0.3224043715846995,
    0.3333333333333333,
    0.3333333333333333,
    0.5,
    0.5,
    0.5714285714285714,
    0.5714285714285714,
    0.631578947368421,
    0.631578947368421,
    1.0,
    1.0
  ]
}