{
  "x_thresholds": [
    0.006399545987310261,
    0.010114163178328722,
    0.010117061287336877,
    0.013426792181669207,
    0.013427672760201691,
    0.019882356863787125,
    0.019892549857959376,
    0.021319055245645743,
    0.021321097365501352,
    0.024664798137535252,
    0.024670936839373235,
    0.03192833560798071,
    0.031935948274211735,
    0.032987061409679344,
    0.03298901506996909,
    0.03357333321560182,
    0.03358169040828155,
    0.04154941847935488,
    0.041555735856427585,
    0.049644871507398436,
    0.0496678114503155,
    0.05276484824088941,
    0.052766808274800056,
    0.05574461783287011,
    0.05574548926054921,
    0.05828512250651283,
    0.058304692657699074,
    0.06924173334546178,
    0.06927050325853273,
    0.07599265529329498,
    0.07599289356319104,
    0.08592474603275309,
    0.08592529191070451,
    0.08729207311908532,
    0.08731570863645223,
    0.09707374353982225,
    0.09713734618652009,
    0.09948968886444891,
    0.09950237793619031,
    0.1033510013105515,
    0.10337084128775764,
    0.11353857907275915,
    0.11356146715673832,
    0.12565616173444347,
    0.12568559910022278,
    0.1465714158589205,
    0.14661114737864533,
    0.16376073537394917,
    0.163783012837851,
    0.17741333509156718,
    0.177418782751539,
    0.18629037856101655,
    0.18636793042436356,
    0.2291045675437716,
    0.22936820321361256,
    0.24030034097035932,
    0.24060533239995266,
    0.2515782619299247,
    0.25158617023686536,
    0.27587656845240394,
    0.2759490290864223,
    0.2776632854083801,
    0.2777152234655887,
    0.32219052106784973,
    0.3223332452822989,
    0.3707282411810048,
    0.3707640955050933,
    0.37188286594040565,
    0.37196431511003575,
    0.3852075304739095,
    0.38989512738473286,
    0.41638067618256364,
    0.4172545806927072,
    0.4872668274908532
  ],
  "y_values": [
    0.0,
    0.0,
    0.001176470588235294,
    0.001176470588235294,
    0.003121098626716604,
    0.003121098626716604,
    0.0070921985815602835,
    0.0070921985815602835,
    0.009328358208955223,
    0.009328358208955223,
    0.012875536480686695,
    0.012875536480686695,
    0.014925373134328358,
    0.014925373134328358,
    0.023809523809523808,
    0.023809523809523808,
    0.02418379685610641,
    0.02418379685610641,
    0.03198031980319803,
    0.03198031980319803,
    0.039711191335740074,
    0.039711191335740074,
    0.03986710963455149,
    0.03986710963455149,
    0.04435483870967742,
    0.04435483870967742,
    0.05821474773609314,
    0.05821474773609314,
    0.0658682634730539,
    0.0658682634730539,
    0.06624605678233439,
    0.06624605678233439,
    0.07692307692307693,
    0.07692307692307693,
    0.08314606741573034,
    0.08314606741573034,
    0.08433734939759036,
    0.08433734939759036,
    0.09900990099009901,
    0.09900990099009901,
    0.1189710610932476,
    0.1189710610932476,
    0.14893617021276595,
    0.14893617021276595,
    0.15461847389558234,
    0.15461847389558234,
    0.15598885793871867,
    0.15598885793871867,
    0.18666666666666668,
    0.18666666666666668,
    0.23333333333333334,
    0.23333333333333334,
    0.24260355029585795,
    0.24260355029585795,
    0.25471698113207547,
    0.25471698113207547,
    0.3076923076923077,
    0.3076923076923077,
    0.31413612565445026,
    0.31413612565445026,
    0.35714285714285715,
    0.35714285714285715,
    0.37117903930131,
    0.37117903930131,
    0.4672131147540984,
    0.4672131147540984,
    0.5,
    0.5,
    0.6399999999999999,
    0.6399999999999999,
    0.65,
    0.65,
    0.7692307692307693,
    0.7692307692307693
  ]
}