{
  "x_thresholds": [
    0.006335499580451985,
    0.01274624249471356,
    0.012746540680085043,
    0.019194591006087183,
    0.01919707751921744,
    0.021355375933723164,
    0.021358206949375538,
    0.02471744740786445,
    0.024720047435245425,
    0.031029028253907208,
    0.03103000915427597,
    0.031644962830811224,
    0.031648820585618936,
    0.03368471746110748,
    0.03370373891219378,
    0.04369108215465294,
    0.04369351434808679,
    0.04398625960299598,
    0.04400398740978799,
    0.05220829022266893,
    0.052213581314044806,
    0.05289680904280466,
    0.05289869039976311,
    0.05532201318352595,
    0.05532270746061753,
    0.056257418458459676,
    0.05626919983811812,
    0.060850009491453756,
    0.060853394556290775,
    0.061039944763280736,
    0.06105152483122858,
    0.0633600568545885,
    0.06339297622283595,
    0.06503445177852299,
    0.0650922415978568,
    0.07469481754702519,
    0.07472173406111891,
    0.08054276157218797,
    0.08055850983033311,
    0.09174654920873425,
    0.09174850892593969,
    0.09519909660277931,
    0.09523433351423086,
    0.09941903442822883,
    0.09942582693114063,
    0.107109561190543,
    0.10717138143857394,
    0.12513752229087238,
    0.1251595623215889,
    0.13449507856381707,
    0.13458586689189392,
    0.17128390128774748,
    0.17131202802839698,
    0.18209374234246292,
    0.1822875506152958,
    0.1850372201652364,
    0.18504846105300657,
    0.18651681377207963,
    0.18652527751226156,
    0.1871630304041699,
    0.18723656786467874,
    0.22605190415459894,
    0.22623073158896875,
    0.24200134349001165,
    0.2420511140267395,
    0.2452374309773882,
    0.2452716710375015,
    0.25349276415297683,
    0.25370713419555846,
    0.26767655141384167,
    0.2680076246836808,
    0.2746781921644383,
    0.2747186790038254,
    0.2751308740291329,
    0.2751700602841606,
    0.3191175124555234,
    0.3196559407622205,
    0.33265784175849106,
    0.3329784793005756,
    0.35531694117954876,
    0.355332735336898,
    0.3737072227395496,
    0.37395969800063317,
    0.4242510247670797,
    0.4255875946854898,
    0.4875056046563619,
    0.5835620673410604,
    0.6231295401245174
  ],
  "y_values": [
    0.0,
    0.0,
    0.003676470588235294,
    0.003676470588235294,
    0.0087527352297593,
    0.0087527352297593,
    0.01006036217303823,
    0.01006036217303823,
    0.010893246187363835,
    0.010893246187363835,
    0.015384615384615385,
    0.015384615384615385,
    0.018604651162790697,
    0.018604651162790697,
    0.030508474576271188,
    0.030508474576271188,
    0.034482758620689655,
    0.034482758620689655,
    0.03448275862068966,
    0.03448275862068966,
    0.04,
    0.04,
    0.045454545454545456,
    0.045454545454545456,
    0.04819277108433735,
    0.04819277108433735,
    0.049891540130151846,
    0.049891540130151846,
    0.058823529411764705,
    0.058823529411764705,
    0.061452513966480445,
    0.061452513966480445,
    0.06451612903225806,
    0.06451612903225806,
    0.06490872210953347,
    0.06490872210953347,
    0.07446808510638298,
    0.07446808510638298,
    0.07462686567164178,
    0.07462686567164178,
    0.08,
    0.08,
    0.1,
    0.1,
    0.11282051282051282,
    0.11282051282051282,
    0.12678288431061807,
    0.12678288431061807,
    0.1506276150627615,
    0.1506276150627615,
    0.1645408163265307,
    0.1645408163265307,
    0.2087912087912088,
    0.2087912087912088,
    0.22857142857142856,
    0.22857142857142856,
    0.23809523809523808,
    0.23809523809523808,
    0.25,
    0.25,
    0.2568181818181818,
    0.2568181818181818,
    0.26315789473684215,
    0.26315789473684215,
    0.3,
    0.3,
    0.32051282051282054,
    0.32051282051282054,
    0.3247863247863248,
    0.3247863247863248,
    0.3269230769230769,
    0.3269230769230769,
    0.3333333333333333,
    0.3333333333333333,
    0.3445378151260504,
    0.3445378151260504,
    0.3541666666666667,
    0.3541666666666667,
    0.3770491803278688,
    0.3770491803278688,
    0.5714285714285714,
    0.5714285714285714,
    0.6,
    0.6,
    0.6923076923076923,
    0.6923076923076923,
    1.0,
    1.0
  ]
}