{
  "x_thresholds": [
    0.003964653892732231,
    0.01160656992984047,
    0.011612145130043815,
    0.012726683063693218,
    0.012728297109929194,
    0.021176844817705577,
    0.02119234526185825,
    0.022582973066982148,
    0.02258440608437329,
    0.02902887870315103,
    0.029028950992573948,
    0.03196558218418089,
    0.031985835774408646,
    0.03408338323004202,
    0.03408491790339711,
    0.04554960605329539,
    0.04556781190510131,
    0.049393213691532996,
    0.04939987731683152,
    0.05498149083434361,
    0.054991381642335226,
    0.05999645906376476,
    0.060021879668340335,
    0.06421503987692335,
    0.06423163462162627,
    0.06875935488295337,
    0.06878851155562614,
    0.0902681092865435,
    0.09029318710092708,
    0.102711619165736,
    0.10292637155125292,
    0.12841271794173478,
    0.12846977652818653,
    0.13162118354689836,
    0.13167826796934132,
    0.13464725352164386,
    0.13465155044155297,
    0.16939557925654508,
    0.16951193993535413,
    0.1760739502559723,
    0.1762125265835345,
    0.17650571316109528,
    0.17651867314782158,
    0.19039922361007203,
    0.19044995950153468,
    0.19596367062899142,
    0.19600603764704544,
    0.19848114073924064,
    0.19853707209959992,
    0.22934537198845414,
    0.2296288504213697,
    0.23357016106827055,
    0.23379353466532568,
    0.2514129215530155,
    0.2514592766718702,
    0.30151504855532035,
    0.3027099697614015,
    0.33025491972438237,
    0.33052753075920793,
    0.36604781963968575,
    0.3663548285253832,
    0.3757492129967458,
    0.3765412381075339,
    0.4587151943904946,
    0.46100160203944757,
    0.47094547350891386,
    0.4745734067852975,
    0.5508982480886788,
    0.6282612075166473
  ],
  "y_values": [
    0.0,
    0.0,
    0.0031446540880503146,
    0.0031446540880503146,
    0.005089058524173028,
    0.005089058524173028,
    0.0070921985815602835,
    0.0070921985815602835,
    0.012720156555772993,
    0.012720156555772993,
    0.014492753623188406,
    0.014492753623188406,
    0.0176678445229682,
    0.0176678445229682,
    0.030540328895849646,
    0.030540328895849646,
    0.03058823529411765,
    0.03058823529411765,
    0.03925619834710744,
    0.03925619834710744,
    0.0475,
    0.0475,
    0.05660377358490566,
    0.05660377358490566,
    0.06825938566552901,
    0.06825938566552901,
    0.07108239095315023,
    0.07108239095315023,
    0.0880503144654088,
    0.0880503144654088,
    0.13189448441247004,
    0.13189448441247004,
    0.14942528735632185,
    0.14942528735632185,
    0.15294117647058825,
    0.15294117647058825,
    0.15730337078651685,
    0.15730337078651685,
    0.19801980198019803,
    0.19801980198019803,
    0.2222222222222222,
    0.2222222222222222,
    0.2456896551724139,
    0.2456896551724139,
    0.25,
    0.25,
    0.25806451612903225,
    0.25806451612903225,
    0.2598425196850394,
    0.2598425196850394,
    0.2777777777777778,
    0.2777777777777778,
    0.2916666666666667,
    0.2916666666666667,
    0.3333333333333333,
    0.3333333333333333,
    0.336734693877551,
    0.336734693877551,
    0.40789473684210525,
    0.40789473684210525,
    0.5,
    0.5,
    0.5416666666666666,
    0.5416666666666666,
    0.6,
    0.6,
    0.6666666666666666,
    0.6666666666666666,
    1.0
  ]
}