{
  "x_thresholds": [
    0.00876883128215368,
    0.01245113378136609,
    0.01245481723952504,
    0.01468425021535027,
    0.014684321849650883,
    0.01792770088534677,
    0.017935062638726414,
    0.02157312072396715,
    0.021579225416070262,
    0.023507798709356004,
    0.02351209104687167,
    0.024402444783067707,
    0.02440749099875498,
    0.02827297494506329,
    0.028285358534948637,
    0.03309289274454849,
    0.0330976551034547,
    0.03586343911567913,
    0.03586722848667377,
    0.036385388650836674,
    0.03639120347622328,
    0.04194012979204855,
    0.04194317912695826,
    0.05398173517054366,
    0.053989570862183776,
    0.055811011970766954,
    0.055816452744022166,
    0.0650261265175415,
    0.06504390566520385,
    0.08001885164416961,
    0.08003159183140267,
    0.09376489501213306,
    0.09381294576404224,
    0.09523414069688974,
    0.09525935705002697,
    0.10180145296972547,
    0.10195678934260827,
    0.12041303533835226,
    0.12043911739812063,
    0.1208181340303606,
    0.12084605450693536,
    0.13954927807213627,
    0.13956432827204704,
    0.16770199581069556,
    0.16773636782247772,
    0.17368970406287362,
    0.17370606533836547,
    0.19050159763198882,
    0.19072754460678465,
    0.19907072618755045,
    0.19911014262219706,
    0.20847267288553373,
    0.2086407326302467,
    0.24318666841038125,
    0.24330886757681724,
    0.2513251946862103,
    0.25137902461282424,
    0.3058772229096549,
    0.3064346553449228,
    0.3106019525343802,
    0.3106293840679617,
    0.31777065127956206,
    0.31815979582713566,
    0.5586243604430786
  ],
  "y_values": [
    0.0,
    0.0,
    0.001430615164520744,
    0.001430615164520744,
    0.0015527950310559005,
    0.0015527950310559005,
    0.0022598870056497176,
    0.0022598870056497176,
    0.0049382716049382715,
    0.0049382716049382715,
    0.00625,
    0.00625,
    0.0078003120124804995,
    0.0078003120124804995,
    0.009538950715421303,
    0.009538950715421303,
    0.015384615384615385,
    0.015384615384615385,
    0.016129032258064516,
    0.016129032258064516,
    0.01948051948051948,
    0.01948051948051948,
    0.03362068965517241,
    0.03362068965517241,
    0.045454545454545456,
    0.045454545454545456,
    0.055089820359281436,
    0.055089820359281436,
    0.05947955390334572,
    0.05947955390334572,
    0.07333333333333333,
    0.07333333333333333,
    0.07575757575757576,
    0.07575757575757576,
    0.08914728682170543,
    0.08914728682170543,
    0.13114754098360656,
    0.13114754098360656,
    0.13333333333333333,
    0.13333333333333333,
    0.15338645418326693,
    0.15338645418326693,
    0.16843971631205673,
    0.16843971631205673,
    0.2,
    0.2,
    0.21942446043165467,
    0.21942446043165467,
    0.2358490566037736,
    0.2358490566037736,
    0.23958333333333334,
    0.23958333333333334,
    0.26683937823834186,
    0.26683937823834186,
    0.36,
    0.36,
    0.3821656050955414,
    0.3821656050955414,
    0.42105263157894735,
    0.42105263157894735,
    0.4444444444444444,
    0.4444444444444444,
    0.5338983050847457,
    0.5338983050847457
  ]
}