{
  "x_thresholds": [
    0.005435804481183508,
    0.011102426072344098,
    0.011104610448040626,
    0.018218063002311127,
    0.01822115731723738,
    0.021226405639159326,
    0.021230976098704144,
    0.03288403614018036,
    0.03290242995661089,
    0.03611138942415104,
    0.036113593306356516,
    0.04186785901292502,
    0.041911982882465885,
    0.042864491890265234,
    0.04286710373845434,
    0.055479511854515766,
    0.05547975500749137,
    0.05583441960487605,
    0.05584837279761869,
    0.05990464602795525,
    0.05991310345697322,
    0.06821789891037025,
    0.06823303680150583,
    0.08245011318803305,
    0.08251384913602598,
    0.08490311149184057,
    0.08490792471960304,
    0.09514793550124834,
    0.09514847264127393,
    0.10097710377998233,
    0.10107160341480562,
    0.1017359732319531,
    0.10182590136658874,
    0.11184554303425627,
    0.11184678539704371,
    0.11951385337680638,
    0.11952805087508622,
    0.12742109606387494,
    0.12744606962439844,
    0.12760223422412986,
    0.12762640715138315,
    0.14488220657851436,
    0.1449168488520331,
    0.14670846843355276,
    0.14670860087503956,
    0.14796655396600827,
    0.14798475879010906,
    0.14857428132999545,
    0.1485777759231677,
    0.17356038887067102,
    0.17365740370813368,
    0.18314855041600256,
    0.1832582056065941,
    0.1839329146617627,
    0.18398947605155058,
    0.20854753527476363,
    0.20869708999810216,
    0.23408992121084068,
    0.2341323636851348,
    0.2661861814231017,
    0.2662931930626661,
    0.2783563403451951,
    0.2783637626040144,
    0.2799787857354656,
    0.28022357603728926,
    0.342597428315465,
    0.342626186451418,
    0.3595835872612397,
    0.3596504218849112,
    0.38016194324362185,
    0.38079837550540474,
    0.38482945380745137,
    0.38805525921497847,
    0.41578731542763825,
    0.41699419068443294,
    0.5770290854381238,
    0.6478123562817609
  ],
  "y_values": [
    0.0,
    0.0,
    0.004493260109835247,
    0.004493260109835247,
    0.006944444444444444,
    0.006944444444444444,
    0.013732833957553056,
    0.013732833957553056,
    0.0196078431372549,
    0.0196078431372549,
    0.02638888888888889,
    0.02638888888888889,
    0.031746031746031744,
    0.031746031746031744,
    0.03344768439108062,
    0.03344768439108062,
    0.046511627906976744,
    0.046511627906976744,
    0.04772727272727273,
    0.04772727272727273,
    0.057142857142857134,
    0.057142857142857134,
    0.07107843137254902,
    0.07107843137254902,
    0.07344632768361582,
    0.07344632768361582,
    0.08349514563106795,
    0.08349514563106795,
    0.10382513661202186,
    0.10382513661202186,
    0.11538461538461539,
    0.11538461538461539,
    0.11551155115511551,
    0.11551155115511551,
    0.1284722222222222,
    0.1284722222222222,
    0.14225941422594143,
    0.14225941422594143,
    0.14285714285714285,
    0.14285714285714285,
    0.14395886889460155,
    0.14395886889460155,
    0.17777777777777778,
    0.17777777777777778,
    0.17857142857142858,
    0.17857142857142858,
    0.18181818181818182,
    0.18181818181818182,
    0.1883495145631068,
    0.1883495145631068,
    0.2076923076923077,
    0.2076923076923077,
    0.2222222222222222,
    0.2222222222222222,
    0.24624624624624625,
    0.24624624624624625,
    0.2693877551020408,
    0.2693877551020408,
    0.28523489932885904,
    0.28523489932885904,
    0.2897196261682243,
    0.2897196261682243,
    0.3333333333333333,
    0.3333333333333333,
    0.36245954692556637,
    0.36245954692556637,
    0.46875,
    0.46875,
    0.48484848484848486,
    0.48484848484848486,
    0.5,
    0.5,
    0.7,
    0.7,
    0.75,
    0.75,
    1.0
  ]
}