{
  "x_thresholds": [
    0.0033131087116513537,
    0.010019460654292453,
    0.010027361851871672,
    0.015363609366388007,
    0.015363911682327583,
    0.018048979187536177,
    0.01805376519854105,
    0.01923424633336849,
    0.01924999636312436,
    0.023807268237521974,
    0.02380990728678072,
    0.025038316550088296,
    0.02503953818328691,
    0.025391109660247425,
    0.025394555926419832,
    0.025688452438348046,
    0.02570152334768394,
    0.034719334703707944,
    0.03472271490843232,
    0.035998730165229524,
    0.03600204307409745,
    0.04368630199564714,
    0.04369849619310272,
    0.04982961976921977,
    0.04983669692205166,
    0.05323221100999933,
    0.053246274469897464,
    0.060904706698176755,
    0.06091615588819529,
    0.07451971870806873,
    0.0745230648663864,
    0.08196864464237465,
    0.08197660259550973,
    0.08590882173915207,
    0.08591496799736562,
    0.08701772746043243,
    0.08701818331907085,
    0.0945337557830004,
    0.09453913668431764,
    0.10270391552071886,
    0.102724793474313,
    0.11014560879283233,
    0.1101610252301872,
    0.11418041015394575,
    0.11421055772222896,
    0.12307962903590589,
    0.12309259186386233,
    0.1731314876433474,
    0.17320520254855062,
    0.20403692024565678,
    0.2040819646990484,
    0.2092923790362789,
    0.20937077759541042,
    0.2540991400511268,
    0.25415824254430996,
    0.33140117851937384,
    0.33171589668957757,
    0.37273510743631966,
    0.37323969789421635,
    0.4087523629902828,
    0.4097755730617144,
    0.48918087799625654,
    0.4912841868563819,
    0.5686767665976351,
    0.7234123469292965
  ],
  "y_values": [
    0.0,
    0.0,
    0.002844950213371266,
    0.002844950213371266,
    0.004228329809725159,
    0.004228329809725159,
    0.004739336492890996,
    0.004739336492890996,
    0.004962779156327543,
    0.004962779156327543,
    0.009478672985781991,
    0.009478672985781991,
    0.015151515151515152,
    0.015151515151515152,
    0.0196078431372549,
    0.0196078431372549,
    0.02138690861957226,
    0.02138690861957226,
    0.02843601895734597,
    0.02843601895734597,
    0.031409168081494056,
    0.031409168081494056,
    0.03262233375156838,
    0.03262233375156838,
    0.04265402843601896,
    0.04265402843601896,
    0.05518763796909492,
    0.05518763796909492,
    0.06834249803613511,
    0.06834249803613511,
    0.07155322862129145,
    0.07155322862129145,
    0.08235294117647059,
    0.08235294117647059,
    0.08860759493670886,
    0.08860759493670886,
    0.09664694280078895,
    0.09664694280078895,
    0.10411622276029056,
    0.10411622276029056,
    0.11370262390670556,
    0.11370262390670556,
    0.11538461538461539,
    0.11538461538461539,
    0.1527777777777778,
    0.1527777777777778,
    0.1713114754098361,
    0.1713114754098361,
    0.2283464566929134,
    0.2283464566929134,
    0.23076923076923078,
    0.23076923076923078,
    0.24738675958188147,
    0.24738675958188147,
    0.2916666666666667,
    0.2916666666666667,
    0.35555555555555557,
    0.35555555555555557,
    0.4444444444444444,
    0.4444444444444444,
    0.52,
    0.52,
    0.7142857142857143,
    0.7142857142857143,
    1.0
  ]
}