{
  "x_thresholds": [
    0.004756754378340705,
    0.008237339302261138,
    0.008237993483430978,
    0.010787319811534806,
    0.010787585676244367,
    0.017489602736038563,
    0.017491124221517777,
    0.020965036201661017,
    0.02097365001836439,
    0.029045947604799716,
    0.02906104176534626,
    0.030763459255582937,
    0.030765984857148862,
    0.033546822531432756,
    0.03355484550674401,
    0.041858796799270716,
    0.041859496026473896,
    0.05426699953603043,
    0.054282012190888046,
    0.06320812997778667,
    0.0632340479578933,
    0.07377673003117541,
    0.07378780320275506,
    0.08012934979782928,
    0.08013600270467856,
    0.0903401364710612,
    0.09035245172552259,
    0.09097518602375838,
    0.09098446427835181,
    0.09387521984103164,
    0.09391168497887543,
    0.10555094545631848,
    0.10555745750039704,
    0.11862064475148351,
    0.11862520319089415,
    0.1305755240160763,
    0.13062739698335682,
    0.17224126938880513,
    0.17225269134947557,
    0.18190316534442913,
    0.1819106629691724,
    0.18285106725660785,
    0.18285820819232426,
    0.21134145436627766,
    0.21150012497371617,
    0.2517580624683567,
    0.2519415715639537,
    0.25728890098300766,
    0.25733304519977646,
    0.2937183056505101,
    0.29403607509084684,
    0.2948632200370333,
    0.29490897210460737,
    0.33414216315275325,
    0.3342938411646935,
    0.3473215700982843,
    0.3480232835221616,
    0.36469475680264374,
    0.365400809884806,
    0.3982403764171244,
    0.4002010054498955,
    0.40530729682910765,
    0.4056497788773395,
    0.4238731665994093,
    0.424223351721407,
    0.46068492350399215,
    0.461250088125081,
    0.5032295254571176,
    0.5104747726489512,
    0.6543984937062823
  ],
  "y_values": [
    0.0,
    0.0,
    0.0015503875968992248,
    0.0015503875968992248,
    0.003952569169960474,
    0.003952569169960474,
    0.009188361408882083,
    0.009188361408882083,
    0.0108499095840868,
    0.0108499095840868,
    0.01904761904761905,
    0.01904761904761905,
    0.0273972602739726,
    0.0273972602739726,
    0.02985074626865672,
    0.02985074626865672,
    0.03295750216825672,
    0.03295750216825672,
    0.05204460966542751,
    0.05204460966542751,
    0.060546875,
    0.060546875,
    0.06702412868632708,
    0.06702412868632708,
    0.07395498392282958,
    0.07395498392282958,
    0.07692307692307693,
    0.07692307692307693,
    0.09230769230769231,
    0.09230769230769231,
    0.10559006211180125,
    0.10559006211180125,
    0.12709832134292565,
    0.12709832134292565,
    0.1286549707602339,
    0.1286549707602339,
    0.1658878504672897,
    0.1658878504672897,
    0.17567567567567569,
    0.17567567567567569,
    0.18181818181818182,
    0.18181818181818182,
    0.2570621468926554,
    0.2570621468926554,
    0.25824175824175816,
    0.25824175824175816,
    0.30612244897959184,
    0.30612244897959184,
    0.3193916349809886,
    0.3193916349809886,
    0.3333333333333333,
    0.3333333333333333,
    0.36464088397790057,
    0.36464088397790057,
    0.423728813559322,
    0.423728813559322,
    0.4358974358974359,
    0.4358974358974359,
    0.453125,
    0.453125,
    0.45454545454545453,
    0.45454545454545453,
    0.6,
    0.6,
    0.65,
    0.65,
    0.7272727272727273,
    0.7272727272727273,
    1.0,
    1.0
  ]
}