{
  "x_thresholds": [
    0.005949493855061266,
    0.01166439469676533,
    0.011666139622060541,
    0.017007490039965944,
    0.017007695249488648,
    0.018878419608886924,
    0.018879520827499094,
    0.02150790512321619,
    0.02150854180436777,
    0.022131755405889197,
    0.022133145869128637,
    0.03013681066439506,
    0.03014605520658295,
    0.03309533300914717,
    0.033099690819937584,
    0.03492815603812419,
    0.034934236295625115,
    0.035738507205858666,
    0.035745311732004424,
    0.036476929149497996,
    0.036481445631531204,
    0.04291428246466063,
    0.04292294588822477,
    0.055774509622948776,
    0.05578199388717289,
    0.061554608037579846,
    0.061606544773164885,
    0.06867395472911307,
    0.06871253956407655,
    0.08538171112035334,
    0.08544912042495552,
    0.08564140094513469,
    0.0856754197642328,
    0.09749252901603028,
    0.09753153271287503,
    0.10893212665056788,
    0.10894288425507684,
    0.11893916072862942,
    0.11899413102917362,
    0.12836411370616424,
    0.12838169272949507,
    0.14462113141033578,
    0.1446506719512226,
    0.1455698769060712,
    0.1456180839583462,
    0.1651115532284947,
    0.16516375019705515,
    0.17187464833092972,
    0.17193352726264052,
    0.17390678369668036,
    0.17393524874548147,
    0.18229822642280916,
    0.18247126344955208,
    0.20662083514885143,
    0.20666454940290752,
    0.23580560000723622,
    0.23591408052603674,
    0.23699103530265178,
    0.23714458646481337,
    0.2740855318480456,
    0.2742062383439407,
    0.2746920238603242,
    0.2748018678576059,
    0.33407122963520924,
    0.33448793942942684,
    0.3779176515108556,
    0.3792598119981164,
    0.4498034068239693,
    0.45094237685400024,
    0.5591794494858174,
    0.6410338349920098
  ],
  "y_values": [
    0.0,
    0.0,
    0.004451038575667656,
    0.004451038575667656,
    0.004524886877828055,
    0.004524886877828055,
    0.0072992700729927005,
    0.0072992700729927005,
    0.009174311926605505,
    0.009174311926605505,
    0.013524936601859678,
    0.013524936601859678,
    0.014326647564469915,
    0.014326647564469915,
    0.014492753623188406,
    0.014492753623188406,
    0.02,
    0.02,
    0.024390243902439025,
    0.024390243902439025,
    0.025284450063211124,
    0.025284450063211124,
    0.034912718204488775,
    0.034912718204488775,
    0.048903878583473864,
    0.048903878583473864,
    0.059665871121718374,
    0.059665871121718374,
    0.07035175879396985,
    0.07035175879396985,
    0.07142857142857142,
    0.07142857142857142,
    0.0847457627118644,
    0.0847457627118644,
    0.11326860841423948,
    0.11326860841423948,
    0.1273712737127371,
    0.1273712737127371,
    0.14285714285714285,
    0.14285714285714285,
    0.1446700507614213,
    0.1446700507614213,
    0.17391304347826086,
    0.17391304347826086,
    0.18807339449541285,
    0.18807339449541285,
    0.19166666666666668,
    0.19166666666666668,
    0.21621621621621623,
    0.21621621621621623,
    0.2222222222222222,
    0.2222222222222222,
    0.234375,
    0.234375,
    0.2709030100334448,
    0.2709030100334448,
    0.2727272727272727,
    0.2727272727272727,
    0.28823529411764703,
    0.28823529411764703,
    0.3333333333333333,
    0.3333333333333333,
    0.3557692307692308,
    0.3557692307692308,
    0.4861111111111111,
    0.4861111111111111,
    0.7352941176470589,
    0.7352941176470589,
    0.75,
    0.75,
    1.0
  ]
}