{
  "x_thresholds": [
    0.010101634263097042,
    0.014428716591157919,
    0.014431830807188215,
    0.01723449327670346,
    0.017236455194336142,
    0.019831375032916786,
    0.019833269802624856,
    0.02406768250782185,
    0.024072245603223796,
    0.03650943881923223,
    0.036512549199414886,
    0.03876269574635405,
    0.03876283811152771,
    0.03911171394051372,
    0.0391289169398936,
    0.047527052486688405,
    0.047527553809974366,
    0.05575259512626655,
    0.05577094661736826,
    0.0627600026975366,
    0.06276070205785134,
    0.06872888870490114,
    0.06875070137329144,
    0.08254681470799609,
    0.08255075085366338,
    0.08279524426686727,
    0.08280705620822978,
    0.08918100786720648,
    0.08919265958006453,
    0.09749930469349455,
    0.0975111045869399,
    0.10328429785352397,
    0.10328620561646332,
    0.10558985481832732,
    0.10561358313085487,
    0.12079067937299492,
    0.12081234633693157,
    0.13081008384815684,
    0.1308235211581182,
    0.15711613904869245,
    0.1572436186426097,
    0.15868771906051216,
    0.15871324210003593,
    0.18307757880553222,
    0.18309287907142774,
    0.2246127872950139,
    0.22473786849229158,
    0.24704244029850644,
    0.2470966100391715,
    0.2567936203174012,
    0.25728471141192016,
    0.27919126756644264,
    0.2793562389494051,
    0.28728080644412934,
    0.2875737160403487,
    0.2877955775769483,
    0.28788794390053474,
    0.31666557618957286,
    0.31696399674569564,
    0.3785800455580879,
    0.3801513291775645,
    0.38984623971877375,
    0.39929728403718096,
    0.4537536759608393,
    1.0
  ],
  "y_values": [
    0.0,
    0.0,
    0.0013736263736263737,
    0.0013736263736263737,
    0.00273224043715847,
    0.00273224043715847,
    0.002898550724637681,
    0.002898550724637681,
    0.008479366873940079,
    0.008479366873940079,
    0.011278195488721804,
    0.011278195488721804,
    0.024390243902439025,
    0.024390243902439025,
    0.026347305389221556,
    0.026347305389221556,
    0.03636363636363636,
    0.03636363636363636,
    0.047619047619047616,
    0.047619047619047616,
    0.04987531172069826,
    0.04987531172069826,
    0.06642066420664207,
    0.06642066420664207,
    0.06666666666666667,
    0.06666666666666667,
    0.06718346253229975,
    0.06718346253229975,
    0.06788511749347259,
    0.06788511749347259,
    0.08374384236453201,
    0.08374384236453201,
    0.10112359550561797,
    0.10112359550561797,
    0.1378640776699029,
    0.1378640776699029,
    0.1498371335504886,
    0.1498371335504886,
    0.16129032258064513,
    0.16129032258064513,
    0.17857142857142858,
    0.17857142857142858,
    0.22371364653243847,
    0.22371364653243847,
    0.2617702448210923,
    0.2617702448210923,
    0.3112033195020747,
    0.3112033195020747,
    0.3333333333333333,
    0.3333333333333333,
    0.35714285714285715,
    0.35714285714285715,
    0.36585365853658536,
    0.36585365853658536,
    0.4,
    0.4,
    0.46601941747572817,
    0.46601941747572817,
    0.5783132530120482,
    0.5783132530120482,
    0.6,
    0.6,
    0.6666666666666666,
    0.6666666666666666,
    1.0
  ]
}