{
  "x_thresholds": [
    0.0058730402410160035,
    0.00923621720154301,
    0.009241619033148065,
    0.011090865495736329,
    0.011093303987897317,
    0.020748476437415144,
    0.020750213933850823,
    0.022943448014958755,
    0.022949994912907026,
    0.029065662616365638,
    0.029069065209319962,
    0.03459229835898364,
    0.03461678151448407,
    0.03707553366170375,
    0.03707604703303415,
    0.05026324280559298,
    0.05026354499133017,
    0.054782170372335334,
    0.05485841192080552,
    0.056673087793462494,
    0.05667610778726292,
    0.06035305897717411,
    0.06037814308358318,
    0.06203673237607373,
    0.06210998304362157,
    0.06874467997966528,
    0.06882474682339046,
    0.0828332095511379,
    0.08284268724236116,
    0.09651999749424016,
    0.09652352018461711,
    0.09690307638830153,
    0.09693627714582992,
    0.10812808894156216,
    0.1081880959447647,
    0.12618716527014995,
    0.12624571278364594,
    0.17428616345938935,
    0.17432668308006868,
    0.17901641247497593,
    0.17905652218318677,
    0.23388192387086948,
    0.23415128257527035,
    0.25093772302841577,
    0.2509422869785832,
    0.26782089451435104,
    0.26783087002619027,
    0.30959955485636653,
    0.30972920414783317,
    0.3138025285116157,
    0.3142207778348646,
    0.3354972766661645,
    0.3355130061042689,
    0.34139775572906356,
    0.34153714451510664,
    0.34223060138864403,
    0.34319744892624743,
    0.38458005333123674,
    0.38495934004482424,
    0.85330727590388
  ],
  "y_values": [
    0.0,
    0.0,
    0.0017543859649122807,
    0.0017543859649122807,
    0.0022851919561243145,
    0.0022851919561243145,
    0.007712082262210797,
    0.007712082262210797,
    0.01053864168618267,
    0.01053864168618267,
    0.01597444089456869,
    0.01597444089456869,
    0.01893939393939394,
    0.01893939393939394,
    0.0321285140562249,
    0.0321285140562249,
    0.049868766404199474,
    0.049868766404199474,
    0.05232558139534884,
    0.05232558139534884,
    0.05263157894736842,
    0.05263157894736842,
    0.05737704918032787,
    0.05737704918032787,
    0.05994550408719346,
    0.05994550408719346,
    0.06311360448807853,
    0.06311360448807853,
    0.06734992679355783,
    0.06734992679355783,
    0.07692307692307693,
    0.07692307692307693,
    0.0975609756097561,
    0.0975609756097561,
    0.14074074074074075,
    0.14074074074074075,
    0.16322517207472959,
    0.16322517207472959,
    0.1724137931034483,
    0.1724137931034483,
    0.25,
    0.25,
    0.2605633802816901,
    0.2605633802816901,
    0.29577464788732394,
    0.29577464788732394,
    0.3661417322834646,
    0.3661417322834646,
    0.38095238095238093,
    0.38095238095238093,
    0.38636363636363635,
    0.38636363636363635,
    0.4375,
    0.4375,
    0.5,
    0.5,
    0.5333333333333333,
    0.5333333333333333,
    0.5882352941176471,
    0.5882352941176471
  ]
}