{
  "x_thresholds": [
    0.004218846429653173,
    0.01077021709115517,
    0.010772996378787482,
    0.01660169074422261,
    0.01661189153061852,
    0.023959840525530074,
    0.02396417406454736,
    0.025881314951117788,
    0.02589471996579283,
    0.03411979454370835,
    0.03412012821870488,
    0.03438481031742906,
    0.034387010468744435,
    0.03694848833761358,
    0.03695541967993491,
    0.040065970092595805,
    0.04007317798210647,
    0.04365220580807212,
    0.0436522574996278,
    0.04893175688934182,
    0.04893217916863196,
    0.058183040804263314,
    0.05819020963342797,
    0.05910282469052568,
    0.05910836623556405,
    0.06028334384781624,
    0.060298189443507004,
    0.06499925900073035,
    0.06500160127541568,
    0.07372192947329086,
    0.073727702645163,
    0.08193876986964613,
    0.08194552377807725,
    0.08942856999855145,
    0.08942978920878904,
    0.10791275755641033,
    0.10792397409799985,
    0.11505092939269723,
    0.11507115365185665,
    0.11818507795944554,
    0.11823962512922821,
    0.12199607293108054,
    0.1220043121580074,
    0.12562071674132613,
    0.12565489983590192,
    0.14334433105395056,
    0.14338195869882486,
    0.1601668763423199,
    0.160231011675049,
    0.1846294853870206,
    0.18487403858938098,
    0.19701866028514492,
    0.19707020838449824,
    0.20617516761345103,
    0.20617962400189754,
    0.21680793726358832,
    0.21682220927426207,
    0.2213761569970572,
    0.22141990682043852,
    0.23642437787527534,
    0.23650111007585514,
    0.3341516572293655,
    0.3373535148446079,
    0.34275194756053073,
    0.34307384124445256,
    0.379753360836467,
    0.38011387343516045,
    0.4127324491546243,
    0.4129798823092025,
    0.48621269692207414,
    0.49603918110994033,
    0.5128463778637948
  ],
  "y_values": [
    0.0,
    0.0,
    0.0027397260273972603,
    0.0027397260273972603,
    0.006982156710628395,
    0.006982156710628395,
    0.008982035928143712,
    0.008982035928143712,
    0.01729559748427673,
    0.01729559748427673,
    0.02,
    0.02,
    0.02278481012658228,
    0.02278481012658228,
    0.026490066225165563,
    0.026490066225165563,
    0.033797216699801194,
    0.033797216699801194,
    0.03533026113671275,
    0.03533026113671275,
    0.04339622641509434,
    0.04339622641509434,
    0.043478260869565216,
    0.043478260869565216,
    0.06299212598425197,
    0.06299212598425197,
    0.0645879732739421,
    0.0645879732739421,
    0.0763157894736842,
    0.0763157894736842,
    0.07886435331230285,
    0.07886435331230285,
    0.0935672514619883,
    0.0935672514619883,
    0.09837728194726167,
    0.09837728194726167,
    0.12101910828025478,
    0.12101910828025478,
    0.12195121951219512,
    0.12195121951219512,
    0.13815789473684212,
    0.13815789473684212,
    0.1391304347826087,
    0.1391304347826087,
    0.1574074074074074,
    0.1574074074074074,
    0.1793478260869565,
    0.1793478260869565,
    0.2025974025974026,
    0.2025974025974026,
    0.21518987341772153,
    0.21518987341772153,
    0.21649484536082475,
    0.21649484536082475,
    0.24489795918367346,
    0.24489795918367346,
    0.2631578947368421,
    0.2631578947368421,
    0.2636363636363636,
    0.2636363636363636,
    0.2972972972972973,
    0.2972972972972973,
    0.3333333333333333,
    0.3333333333333333,
    0.36,
    0.36,
    0.55,
    0.55,
    0.625,
    0.625,
    1.0,
    1.0
  ]
}