{
  "x_thresholds": [
    0.008422086286727137,
    0.012703664688905644,
    0.012703851204507706,
    0.015883226337642817,
    0.01588956862969682,
    0.02008603357624337,
    0.02008696074229261,
    0.02207851192901203,
    0.02208177270273419,
    0.024177493084095093,
    0.024178481067574732,
    0.036996188287247975,
    0.0370045437632449,
    0.054776881894955456,
    0.05477958202207279,
    0.058513425343711685,
    0.058529817037561,
    0.06680850041798857,
    0.06680856633457048,
    0.08278147728743392,
    0.0827844330369883,
    0.08319554048622861,
    0.08321624103785864,
    0.09710412072119176,
    0.09711799087998672,
    0.09951871152066996,
    0.09954755466239107,
    0.10297138572866896,
    0.10297193746263159,
    0.10522542762871265,
    0.10528315864329715,
    0.11145542022895281,
    0.111468321096644,
    0.12662120816959657,
    0.12663213876530183,
    0.1309737123615162,
    0.13108065936346316,
    0.14833120070554892,
    0.14833581358527612,
    0.16106889317086953,
    0.16108157514719718,
    0.17224173948538135,
    0.1722796911320245,
    0.17426327822406323,
    0.17427229634143124,
    0.1973463752038809,
    0.19737095388240888,
    0.23113977002477618,
    0.23117535699337213,
    0.23373920948644078,
    0.23394425777569883,
    0.24618055815005416,
    0.2464397983047858,
    0.25783598455032686,
    0.257899448886168,
    0.2583056786651245,
    0.25838634687586465,
    0.26783177643641803,
    0.26783585799257426,
    0.2938823616400087,
    0.29409522244033764,
    0.29578378811295003,
    0.29591604535789673,
    0.3101456556036083,
    0.31018518821771923,
    0.34029848228127924,
    0.341074665569186,
    0.364985615092006,
    0.36556177331338985,
    0.4031489727985681,
    0.41109901798735327,
    0.42741066730640764,
    0.47688858108951826
  ],
  "y_values": [
    0.0,
    0.0,
    0.00129366106080207,
    0.00129366106080207,
    0.0026666666666666666,
    0.0026666666666666666,
    0.00437636761487965,
    0.00437636761487965,
    0.004597701149425287,
    0.004597701149425287,
    0.00885478158205431,
    0.00885478158205431,
    0.032741398446170925,
    0.032741398446170925,
    0.04927536231884058,
    0.04927536231884058,
    0.05483405483405483,
    0.05483405483405483,
    0.05784204671857619,
    0.05784204671857619,
    0.0625,
    0.0625,
    0.07407407407407407,
    0.07407407407407407,
    0.07692307692307693,
    0.07692307692307693,
    0.10204081632653061,
    0.10204081632653061,
    0.1095890410958904,
    0.1095890410958904,
    0.11842105263157894,
    0.11842105263157894,
    0.14604462474645027,
    0.14604462474645027,
    0.1487603305785124,
    0.1487603305785124,
    0.15456674473067916,
    0.15456674473067916,
    0.1568627450980392,
    0.1568627450980392,
    0.20657276995305165,
    0.20657276995305165,
    0.20689655172413793,
    0.20689655172413793,
    0.24233128834355827,
    0.24233128834355827,
    0.2649350649350649,
    0.2649350649350649,
    0.28125,
    0.28125,
    0.2962962962962963,
    0.2962962962962963,
    0.3300970873786408,
    0.3300970873786408,
    0.3333333333333333,
    0.3333333333333333,
    0.358974358974359,
    0.358974358974359,
    0.36153846153846153,
    0.36153846153846153,
    0.36363636363636365,
    0.36363636363636365,
    0.3898305084745763,
    0.3898305084745763,
    0.525,
    0.525,
    0.5365853658536586,
    0.5365853658536586,
    0.6,
    0.6,
    0.6666666666666666,
    0.6666666666666666,
    1.0
  ]
}