{
  "x_thresholds": [
    0.008483402287689108,
    0.012436467878729271,
    0.012438682850592858,
    0.015044351527799317,
    0.01504762798786572,
    0.019277796777699183,
    0.019279103663181342,
    0.02191211040107221,
    0.02191272200580073,
    0.025058356372380762,
    0.025069156978495974,
    0.03472158784926281,
    0.03472927033201559,
    0.03556336684161828,
    0.03556603341252624,
    0.03749370233853846,
    0.03749991234288006,
    0.0378985099823515,
    0.037910706158915085,
    0.0451036274207491,
    0.04511064621604638,
    0.05386580980765106,
    0.053882440172426105,
    0.061605424297842645,
    0.06162927887948675,
    0.07995917561766913,
    0.07997423224168022,
    0.0812626179748998,
    0.08126490827023813,
    0.09896452774104558,
    0.09898790751835465,
    0.10189733468632836,
    0.10192376425137252,
    0.10375327523515851,
    0.10375617192194207,
    0.10451438831902214,
    0.10460122000340434,
    0.11439001293830102,
    0.11441682172002447,
    0.12135393113005265,
    0.12136027919858682,
    0.12245362668182504,
    0.1225261412164385,
    0.13235127708878816,
    0.1324352181967038,
    0.1620606683575286,
    0.16221280849017744,
    0.16369896133041761,
    0.1638028560363497,
    0.17612432887563964,
    0.1762611454213373,
    0.18048160329159246,
    0.18049742670733596,
    0.1963530681729616,
    0.19647130909029767,
    0.22759216365797882,
    0.2276880001041709,
    0.2295201046688501,
    0.22952577817281794,
    0.24854232006819799,
    0.24863016249651793,
    0.2494632285200686,
    0.24978516885520938,
    0.26127219038549027,
    0.26132425452747543,
    0.27770169250143756,
    0.2777587834477487,
    0.30585444795620026,
    0.3064983415321235,
    0.3376640096704478,
    0.3379214857362719,
    0.38787926513694093,
    0.38973093298324457,
    0.40721371438994053,
    0.4169865093365415,
    0.47990546767526177,
    1.0
  ],
  "y_values": [
    0.0,
    0.0,
    0.0014992503748125937,
    0.0014992503748125937,
    0.00265017667844523,
    0.00265017667844523,
    0.0032948929159802307,
    0.0032948929159802307,
    0.006666666666666667,
    0.006666666666666667,
    0.00897226753670473,
    0.00897226753670473,
    0.00980392156862745,
    0.00980392156862745,
    0.01834862385321101,
    0.01834862385321101,
    0.022727272727272728,
    0.022727272727272728,
    0.02880658436213992,
    0.02880658436213992,
    0.033412887828162284,
    0.033412887828162284,
    0.04105960264900662,
    0.04105960264900662,
    0.05962059620596206,
    0.05962059620596206,
    0.06493506493506493,
    0.06493506493506493,
    0.06961325966850829,
    0.06961325966850829,
    0.09183673469387756,
    0.09183673469387756,
    0.11320754716981132,
    0.11320754716981132,
    0.125,
    0.125,
    0.12857142857142856,
    0.12857142857142856,
    0.12987012987012986,
    0.12987012987012986,
    0.13333333333333333,
    0.13333333333333333,
    0.1568627450980392,
    0.1568627450980392,
    0.16964285714285715,
    0.16964285714285715,
    0.1875,
    0.1875,
    0.21844660194174756,
    0.21844660194174756,
    0.22988505747126436,
    0.22988505747126436,
    0.2547169811320754,
    0.2547169811320754,
    0.2557471264367816,
    0.2557471264367816,
    0.2727272727272727,
    0.2727272727272727,
    0.29591836734693877,
    0.29591836734693877,
    0.3,
    0.3,
    0.3402061855670103,
    0.3402061855670103,
    0.3523809523809524,
    0.3523809523809524,
    0.3617021276595745,
    0.3617021276595745,
    0.5157894736842105,
    0.5157894736842105,
    0.5507246376811594,
    0.5507246376811594,
    0.6,
    0.6,
    0.6666666666666666,
    0.6666666666666666,
    1.0
  ]
}