{
  "x_thresholds": [
    0.008807572520619806,
    0.012536372183144311,
    0.012537644811141495,
    0.01517624052343929,
    0.01517741691252644,
    0.019604813138859794,
    0.01960655747089573,
    0.022389860014465267,
    0.02238986089645838,
    0.02562851591001274,
    0.02563367333177046,
    0.03519318736498259,
    0.03519643420727277,
    0.03746094528148064,
    0.03746768188612361,
    0.04255745410327283,
    0.04256025403684281,
    0.04445015078448234,
    0.0444600588999492,
    0.053726178781315415,
    0.0537573390509609,
    0.05928410776957057,
    0.059286640776126324,
    0.059918517351074084,
    0.059929850121734816,
    0.06109574284045954,
    0.06111261186641826,
    0.06688269966756481,
    0.06689844618988115,
    0.08009877470361292,
    0.08010377371686615,
    0.08091858675807487,
    0.08094147066115943,
    0.09928413350436677,
    0.09928559908270992,
    0.10422456441915462,
    0.1042657075893056,
    0.11317965496100066,
    0.11327021884394792,
    0.12182475278206595,
    0.1218327738865536,
    0.12208442121474561,
    0.1220953173694738,
    0.13243691613374614,
    0.13243693341108864,
    0.15643189822722192,
    0.15651376120568797,
    0.1619327309899263,
    0.16221537625034527,
    0.16330408856354806,
    0.16330727215597743,
    0.17453962253957966,
    0.17456816650999,
    0.19472996943123727,
    0.1947642372024915,
    0.21624677739247164,
    0.21633883568688864,
    0.23100306149503552,
    0.23107866586614795,
    0.23244687676137557,
    0.2324519554599936,
    0.24820242846428622,
    0.2482657250127631,
    0.2586587261717105,
    0.25874765127530186,
    0.2590760129739325,
    0.25936083350063593,
    0.27741410437521435,
    0.2774165118004949,
    0.29995092732514933,
    0.30003566435747187,
    0.33352173777337285,
    0.3335803146300437,
    0.3338822508413703,
    0.3342331026931689,
    0.33917144961897544,
    0.33932807733466264,
    0.3926240291637062,
    0.39293647143501115,
    0.4055067353257057,
    0.4127893205481399,
    0.4752883229834946,
    1.0
  ],
  "y_values": [
    0.0,
    0.0,
    0.00141643059490085,
    0.00141643059490085,
    0.0025210084033613447,
    0.0025210084033613447,
    0.003205128205128205,
    0.003205128205128205,
    0.006622516556291391,
    0.006622516556291391,
    0.009235936188077247,
    0.009235936188077247,
    0.011406844106463879,
    0.011406844106463879,
    0.028419182948490232,
    0.028419182948490232,
    0.029411764705882353,
    0.029411764705882353,
    0.0334075723830735,
    0.0334075723830735,
    0.04204753199268738,
    0.04204753199268738,
    0.04225352112676056,
    0.04225352112676056,
    0.043478260869565216,
    0.043478260869565216,
    0.053811659192825115,
    0.053811659192825115,
    0.06019151846785227,
    0.06019151846785227,
    0.06666666666666667,
    0.06666666666666667,
    0.07006369426751592,
    0.07006369426751592,
    0.10897435897435898,
    0.10897435897435898,
    0.11999999999999998,
    0.11999999999999998,
    0.13703703703703704,
    0.13703703703703704,
    0.14285714285714285,
    0.14285714285714285,
    0.1492063492063492,
    0.1492063492063492,
    0.16964285714285715,
    0.16964285714285715,
    0.18018018018018017,
    0.18018018018018017,
    0.21052631578947367,
    0.21052631578947367,
    0.21182266009852216,
    0.21182266009852216,
    0.2508361204013378,
    0.2508361204013378,
    0.25514403292181065,
    0.25514403292181065,
    0.2588235294117647,
    0.2588235294117647,
    0.2631578947368421,
    0.2631578947368421,
    0.304635761589404,
    0.304635761589404,
    0.32,
    0.32,
    0.3333333333333333,
    0.3333333333333333,
    0.358974358974359,
    0.358974358974359,
    0.36752136752136755,
    0.36752136752136755,
    0.49019607843137253,
    0.49019607843137253,
    0.5,
    0.5,
    0.5384615384615384,
    0.5384615384615384,
    0.5625,
    0.5625,
    0.6,
    0.6,
    0.75,
    0.75,
    1.0
  ]
}