{
  "x_thresholds": [
    0.004154644794215285,
    0.009634359549410295,
    0.009635479435127933,
    0.016367557953603295,
    0.016368543754723564,
    0.018218274357837978,
    0.018220877172911862,
    0.019347694401586568,
    0.019354872659021645,
    0.027107259051857256,
    0.02711097018020918,
    0.028098953297573535,
    0.028111784209655464,
    0.03305949953109223,
    0.033077021086125834,
    0.041466545341013177,
    0.0414712731616513,
    0.04720900955557666,
    0.0472303607998158,
    0.04888752553267833,
    0.04889268241530677,
    0.04970105171602752,
    0.049706128782757195,
    0.05296023905433759,
    0.05297624072147119,
    0.05783744079806367,
    0.0578733657478253,
    0.058342093364916595,
    0.05835219097331099,
    0.06259816411291023,
    0.06260034519034731,
    0.06829528980913788,
    0.06829694958299792,
    0.08255470490193553,
    0.0825903155742467,
    0.092877022904605,
    0.09292003760574757,
    0.09592767624130136,
    0.09593021371313097,
    0.10703283870793794,
    0.10704220416311362,
    0.12523031049695588,
    0.12524456679010507,
    0.12627324742018084,
    0.12628852386939243,
    0.1717895833331663,
    0.17180245895509016,
    0.1732431723636824,
    0.17334829109627942,
    0.17783027065661763,
    0.17792591356039292,
    0.18472871491187112,
    0.18498648106267349,
    0.25540456677208245,
    0.25556252788107775,
    0.2584962907651256,
    0.25850944315331265,
    0.3527337314480506,
    0.3534589974166153,
    0.3566804178286132,
    0.3567510273224342,
    0.37857397580513863,
    0.3786050626223972,
    0.3851429329328075,
    0.386120081796552,
    0.39750741945967527,
    0.39845806069404793,
    0.4000097115939909,
    0.40157341435189603,
    0.42255245617194337,
    0.42342699038911985,
    0.42870658045953014,
    0.42939873310836246,
    0.5978436212521164,
    0.6702155296625535
  ],
  "y_values": [
    0.0,
    0.0,
    0.004269449715370019,
    0.004269449715370019,
    0.0075,
    0.0075,
    0.01015228426395939,
    0.01015228426395939,
    0.011504424778761062,
    0.011504424778761062,
    0.020134228187919462,
    0.020134228187919462,
    0.02333931777378815,
    0.02333931777378815,
    0.027860696517412936,
    0.027860696517412936,
    0.03515625,
    0.03515625,
    0.03546099290780142,
    0.03546099290780142,
    0.038461538461538464,
    0.038461538461538464,
    0.04044117647058824,
    0.04044117647058824,
    0.04225352112676056,
    0.04225352112676056,
    0.05263157894736842,
    0.05263157894736842,
    0.05555555555555555,
    0.05555555555555555,
    0.06545454545454546,
    0.06545454545454546,
    0.0687116564417178,
    0.0687116564417178,
    0.08050089445438283,
    0.08050089445438283,
    0.1016949152542373,
    0.1016949152542373,
    0.11191335740072202,
    0.11191335740072202,
    0.12191103789126853,
    0.12191103789126853,
    0.13636363636363635,
    0.13636363636363635,
    0.16442605997931745,
    0.16442605997931745,
    0.1724137931034483,
    0.1724137931034483,
    0.18823529411764706,
    0.18823529411764706,
    0.225,
    0.225,
    0.2589413447782546,
    0.2589413447782546,
    0.3125,
    0.3125,
    0.32289628180039137,
    0.32289628180039137,
    0.38461538461538464,
    0.38461538461538464,
    0.4166666666666667,
    0.4166666666666667,
    0.42857142857142855,
    0.42857142857142855,
    0.45454545454545453,
    0.45454545454545453,
    0.5,
    0.5,
    0.5217391304347826,
    0.5217391304347826,
    0.6666666666666666,
    0.6666666666666666,
    0.7058823529411765,
    0.7058823529411765,
    1.0
  ]
}