{
  "x_thresholds": [
    0.004962569376189035,
    0.008979038060203596,
    0.008979476370339332,
    0.014106505355540288,
    0.014110982349155664,
    0.01643302607026709,
    0.016445977208517117,
    0.020503827565431454,
    0.020518210511534806,
    0.02379243479757538,
    0.023793688955031138,
    0.02617659062071573,
    0.026177188305585592,
    0.026517838826004392,
    0.026522542922672143,
    0.030632481207705304,
    0.030637912556567167,
    0.03261823036384843,
    0.03263810939946585,
    0.036524090466411856,
    0.036526806751407126,
    0.05428111199633698,
    0.0543105708882554,
    0.06100839548315337,
    0.06102888429876052,
    0.08075505221993673,
    0.0807607237577968,
    0.08462070746791452,
    0.08467408325710904,
    0.10097283622916248,
    0.10098613111616567,
    0.12164771344160465,
    0.12166685743964264,
    0.15495009825163658,
    0.15495384237134657,
    0.17848299462282835,
    0.17850505059512461,
    0.18318261685619946,
    0.18336066770338902,
    0.18948960484652094,
    0.1895105488128274,
    0.19809871313447056,
    0.19810351945568322,
    0.19817510979172825,
    0.19818260647703004,
    0.2280504918238444,
    0.2281686476384633,
    0.23853579161239788,
    0.238559170026397,
    0.24268465897706537,
    0.24281884849747845,
    0.2741046281937671,
    0.27411800072127296,
    0.27450192983594485,
    0.2745032461789052,
    0.3406128120067819,
    0.3407814106634152,
    0.5246947120721401,
    0.5322781382249154,
    0.7044173653708464
  ],
  "y_values": [
    0.0,
    0.0,
    0.0024410089503661514,
    0.0024410089503661514,
    0.005597014925373134,
    0.005597014925373134,
    0.0059594755661501785,
    0.0059594755661501785,
    0.0065252854812398045,
    0.0065252854812398045,
    0.007462686567164179,
    0.007462686567164179,
    0.01639344262295082,
    0.01639344262295082,
    0.02181818181818182,
    0.02181818181818182,
    0.024691358024691357,
    0.024691358024691357,
    0.03424657534246575,
    0.03424657534246575,
    0.035628019323671496,
    0.035628019323671496,
    0.041407867494824016,
    0.041407867494824016,
    0.07109879963065559,
    0.07109879963065559,
    0.08383233532934131,
    0.08383233532934131,
    0.10559006211180125,
    0.10559006211180125,
    0.11327433628318584,
    0.11327433628318584,
    0.14032697547683926,
    0.14032697547683926,
    0.16886543535620052,
    0.16886543535620052,
    0.17647058823529413,
    0.17647058823529413,
    0.18840579710144928,
    0.18840579710144928,
    0.2252252252252252,
    0.2252252252252252,
    0.25,
    0.25,
    0.26315789473684215,
    0.26315789473684215,
    0.2897196261682244,
    0.2897196261682244,
    0.3137254901960784,
    0.3137254901960784,
    0.3168724279835391,
    0.3168724279835391,
    0.3333333333333333,
    0.3333333333333333,
    0.3382899628252788,
    0.3382899628252788,
    0.415,
    0.415,
    0.5,
    0.5
  ]
}