{
  "x_thresholds": [
    0.011320640960548444,
    0.01560065317822943,
    0.015603739479514022,
    0.01850109658012471,
    0.018501776250722374,
    0.01970924622898333,
    0.019710920606227617,
    0.025955426572455417,
    0.02595883116640391,
    0.036772489810979275,
    0.036784522889515954,
    0.03867741160447266,
    0.03868194715401346,
    0.039397675944815774,
    0.039397938982502045,
    0.04737145516531544,
    0.047379368271053414,
    0.055555172623672114,
    0.05555576733772437,
    0.05579210953230986,
    0.05579956544083076,
    0.06418202107717703,
    0.0642022900843592,
    0.06456441136788567,
    0.06459252791308814,
    0.07741349032596505,
    0.07745621535260759,
    0.0854425935132314,
    0.08544408378505335,
    0.09994282685904224,
    0.09996316228807495,
    0.10364956727267499,
    0.10366101954594369,
    0.11734708120307356,
    0.11738758267873713,
    0.1181720336820817,
    0.11817461171494736,
    0.12385000481286605,
    0.12390730728260917,
    0.14673258077680043,
    0.1467936676532504,
    0.15264906544224077,
    0.1526584238706045,
    0.1799637256508076,
    0.17996509916311423,
    0.19606739326001404,
    0.19619227989271934,
    0.2024576902866553,
    0.20246168296966502,
    0.230245447877216,
    0.23027743884177188,
    0.24388941824256016,
    0.24399815746584985,
    0.2442668627761143,
    0.2443156282564043,
    0.2757169230459173,
    0.2769872473134104,
    0.2954523786060927,
    0.29558258755205696,
    0.31871953064365743,
    0.3187415186615471,
    0.36480074166188636,
    0.3666443556997972,
    0.43910674433942803,
    0.5499373532962223
  ],
  "y_values": [
    0.0,
    0.0,
    0.0013192612137203166,
    0.0013192612137203166,
    0.003215434083601286,
    0.003215434083601286,
    0.0038216560509554136,
    0.0038216560509554136,
    0.011271133375078271,
    0.011271133375078271,
    0.011494252873563218,
    0.011494252873563218,
    0.013888888888888888,
    0.013888888888888888,
    0.027972027972027972,
    0.027972027972027972,
    0.028402366863905324,
    0.028402366863905324,
    0.038461538461538464,
    0.038461538461538464,
    0.04782608695652174,
    0.04782608695652174,
    0.05714285714285714,
    0.05714285714285714,
    0.06281407035175879,
    0.06281407035175879,
    0.07721280602636535,
    0.07721280602636535,
    0.07732634338138925,
    0.07732634338138925,
    0.11594202898550725,
    0.11594202898550725,
    0.13009708737864079,
    0.13009708737864079,
    0.13333333333333333,
    0.13333333333333333,
    0.13496932515337423,
    0.13496932515337423,
    0.1475409836065574,
    0.1475409836065574,
    0.152317880794702,
    0.152317880794702,
    0.2074074074074074,
    0.2074074074074074,
    0.226890756302521,
    0.226890756302521,
    0.26865671641791045,
    0.26865671641791045,
    0.29041095890410956,
    0.29041095890410956,
    0.33076923076923076,
    0.33076923076923076,
    0.3333333333333333,
    0.3333333333333333,
    0.37438423645320196,
    0.37438423645320196,
    0.449438202247191,
    0.449438202247191,
    0.5,
    0.5,
    0.5384615384615384,
    0.5384615384615384,
    0.6153846153846154,
    0.6153846153846154,
    1.0
  ]
}