{
  "x_thresholds": [
    0.003937881292121949,
    0.011762901957475431,
    0.011767083494628388,
    0.020455690780787867,
    0.02045916527730516,
    0.027482804299565684,
    0.02748884107378124,
    0.02837061240542411,
    0.02837607323187554,
    0.0294483513776477,
    0.029450806997827938,
    0.038787046156307695,
    0.038788711721849965,
    0.041552788636125465,
    0.04155773430042701,
    0.04235025272769328,
    0.0423514829011534,
    0.043957951151159795,
    0.043968761324349584,
    0.04647468101740925,
    0.04647521194707707,
    0.04799143105041733,
    0.04799389524740742,
    0.05939258163779703,
    0.059400281967556055,
    0.06468426972213503,
    0.06468516943759592,
    0.07334541734305632,
    0.0733464683853032,
    0.08805357399400038,
    0.08808287113325755,
    0.09068047115343232,
    0.090689669713984,
    0.09923226649892901,
    0.09924948500818905,
    0.10093059377720805,
    0.10095700188317133,
    0.1084853546666735,
    0.1084888601419605,
    0.11305420257596245,
    0.1130721620234489,
    0.12155590152166212,
    0.12161130299344962,
    0.13067112540396544,
    0.130685483150689,
    0.1479881407195542,
    0.14800419411131682,
    0.16358007858886373,
    0.16358021754619262,
    0.17926474884806123,
    0.17929963316325973,
    0.17942580344983913,
    0.17942818661700774,
    0.21543843119558945,
    0.2157147120172163,
    0.2516463571068706,
    0.25173133632340394,
    0.27128578045078205,
    0.271305587531786,
    0.35705814810954817,
    0.35812555805642526,
    0.38878825840868086,
    0.3889496777383086,
    0.3931747885262389,
    0.39480804233799327,
    0.4485469869744105,
    0.4513135303019461,
    0.5573475736976674,
    0.6201972131927319,
    0.626193195843162
  ],
  "y_values": [
    0.0,
    0.0,
    0.006484149855907781,
    0.006484149855907781,
    0.009860312243221035,
    0.009860312243221035,
    0.012578616352201259,
    0.012578616352201259,
    0.024539877300613498,
    0.024539877300613498,
    0.025454545454545455,
    0.025454545454545455,
    0.026246719160104987,
    0.026246719160104987,
    0.03296703296703297,
    0.03296703296703297,
    0.03482587064676617,
    0.03482587064676617,
    0.03614457831325301,
    0.03614457831325301,
    0.03932584269662921,
    0.03932584269662921,
    0.0492845786963434,
    0.0492845786963434,
    0.06339468302658487,
    0.06339468302658487,
    0.06363636363636363,
    0.06363636363636363,
    0.08875128998968008,
    0.08875128998968008,
    0.0935672514619883,
    0.0935672514619883,
    0.0967741935483871,
    0.0967741935483871,
    0.10112359550561797,
    0.10112359550561797,
    0.10335195530726257,
    0.10335195530726257,
    0.10362694300518134,
    0.10362694300518134,
    0.10855263157894737,
    0.10855263157894737,
    0.15719063545150502,
    0.15719063545150502,
    0.1580135440180587,
    0.1580135440180587,
    0.1737704918032787,
    0.1737704918032787,
    0.1811320754716981,
    0.1811320754716981,
    0.2,
    0.2,
    0.22549019607843138,
    0.22549019607843138,
    0.264,
    0.264,
    0.2903225806451613,
    0.2903225806451613,
    0.31979695431472077,
    0.31979695431472077,
    0.47619047619047616,
    0.47619047619047616,
    0.5,
    0.5,
    0.5862068965517241,
    0.5862068965517241,
    0.75,
    0.75,
    1.0,
    1.0
  ]
}