{
  "x_thresholds": [
    0.006750851974220252,
    0.01046630112865216,
    0.010466720616940765,
    0.013702685740611568,
    0.01370338498523523,
    0.019552835206602302,
    0.019555282815836066,
    0.020558772353732463,
    0.020578402319188165,
    0.021203593749545314,
    0.021210071132524,
    0.031580738484462724,
    0.03158197952465117,
    0.03437303735874671,
    0.034381831783018485,
    0.039978260440613075,
    0.039984371999470726,
    0.04366683015869665,
    0.043669583034168104,
    0.050232237784699374,
    0.05023452638281362,
    0.05463648670481441,
    0.05466214233657865,
    0.05804852964893952,
    0.05805717839205256,
    0.05852577729095616,
    0.05852937657908135,
    0.08107281980685271,
    0.0811109556358202,
    0.09861543039350754,
    0.09861953747745332,
    0.09875320380792023,
    0.09875379806604281,
    0.10753877577703809,
    0.10754390819878065,
    0.132435339862018,
    0.13244123834723537,
    0.14723537391098726,
    0.14725255582831534,
    0.16475237115627758,
    0.1649484016165267,
    0.16986760585402633,
    0.1699278039308547,
    0.17444840800230435,
    0.17469779994841797,
    0.18154203986607234,
    0.18154306336066578,
    0.1842922035341876,
    0.18436704815319027,
    0.2418317211075019,
    0.24184028868294175,
    0.24972090378678366,
    0.24986586992971957,
    0.26103618714992843,
    0.2611317261603161,
    0.2621420420752654,
    0.26230822787225283,
    0.2759992714182223,
    0.2760028687682537,
    0.31880141879466267,
    0.31903059059014816,
    0.3281117345604273,
    0.32838202477386597,
    0.33575194805055286,
    0.33592301022622284,
    0.36088820593680326,
    0.36217925840602344,
    0.3625105625698937,
    0.36366212784404967,
    0.38030510228729364,
    0.38053967016846224,
    0.3837016914392779,
    0.3866484245900884,
    0.4384518899667004,
    0.43988652095397096,
    0.47705448756018115
  ],
  "y_values": [
    0.0,
    0.0,
    0.0012437810945273632,
    0.0012437810945273632,
    0.0027567195037904893,
    0.0027567195037904893,
    0.0044444444444444444,
    0.0044444444444444444,
    0.006369426751592357,
    0.006369426751592357,
    0.008130081300813009,
    0.008130081300813009,
    0.015822784810126583,
    0.015822784810126583,
    0.028145695364238412,
    0.028145695364238412,
    0.03116883116883117,
    0.03116883116883117,
    0.03257328990228013,
    0.03257328990228013,
    0.042821158690176324,
    0.042821158690176324,
    0.04361370716510903,
    0.04361370716510903,
    0.044444444444444446,
    0.044444444444444446,
    0.05710102489019034,
    0.05710102489019034,
    0.07092198581560284,
    0.07092198581560284,
    0.1111111111111111,
    0.1111111111111111,
    0.1171875,
    0.1171875,
    0.14705882352941177,
    0.14705882352941177,
    0.15223880597014927,
    0.15223880597014927,
    0.1620879120879121,
    0.1620879120879121,
    0.17391304347826086,
    0.17391304347826086,
    0.19047619047619047,
    0.19047619047619047,
    0.22115384615384615,
    0.22115384615384615,
    0.2553191489361702,
    0.2553191489361702,
    0.25895765472312704,
    0.25895765472312704,
    0.27710843373493976,
    0.27710843373493976,
    0.2808988764044944,
    0.2808988764044944,
    0.2857142857142857,
    0.2857142857142857,
    0.3482142857142857,
    0.3482142857142857,
    0.365,
    0.365,
    0.44680851063829785,
    0.44680851063829785,
    0.45454545454545453,
    0.45454545454545453,
    0.4915254237288136,
    0.4915254237288136,
    0.5,
    0.5,
    0.5161290322580645,
    0.5161290322580645,
    0.5714285714285714,
    0.5714285714285714,
    0.6129032258064516,
    0.6129032258064516,
    1.0,
    1.0
  ]
}