{
  "x_thresholds": [
    0.009231492404833994,
    0.013530334374336508,
    0.013533281331812889,
    0.01606434373297945,
    0.01606525848449294,
    0.020587966881806946,
    0.02059013338891131,
    0.023696734401269907,
    0.02370090472529525,
    0.03545714518703128,
    0.035466882923459744,
    0.03753959489718073,
    0.037542704155846596,
    0.03862216141413105,
    0.03862488251524778,
    0.046805164656772875,
    0.046807706575343895,
    0.05333967675835858,
    0.053340739499505956,
    0.05921056372966083,
    0.059216122937859786,
    0.0648901262087376,
    0.06490401452012277,
    0.06803877823388985,
    0.06804498231292481,
    0.08106248666528612,
    0.08112831123133263,
    0.08169729437526685,
    0.08174008575247137,
    0.09657116994816732,
    0.09657807411679013,
    0.09688623057260742,
    0.09690656999545798,
    0.09753357393904981,
    0.09753493810659236,
    0.10378099960074591,
    0.10379567121774246,
    0.10545829555493196,
    0.10546516300144905,
    0.1056798005784253,
    0.10568574704862307,
    0.1217831979845275,
    0.12181455255622944,
    0.1223674611831924,
    0.12237489833532139,
    0.13377888766475646,
    0.13379970104329367,
    0.1469339488123001,
    0.14700038358766712,
    0.16053652804184193,
    0.16057388488235907,
    0.16322271380825112,
    0.16326516922500783,
    0.17435596315416388,
    0.17444001681832785,
    0.1848286790417683,
    0.18491233178999653,
    0.2130165374417474,
    0.21311160616733277,
    0.2275497300742897,
    0.22777115279285107,
    0.22864132530189005,
    0.2287341782704403,
    0.22935105872401088,
    0.22935475768744187,
    0.25726074701043694,
    0.25728442534421714,
    0.29233335897632357,
    0.2923995758321377,
    0.30196810081749165,
    0.30221920722241197,
    0.33621557999146473,
    0.3362727873607094,
    0.3741843321740391,
    0.37703695495153466,
    0.3964716078067731,
    0.4052189610046356,
    0.47059788833318045,
    1.0
  ],
  "y_values": [
    0.0,
    0.0,
    0.0015174506828528073,
    0.0015174506828528073,
    0.0024691358024691358,
    0.0024691358024691358,
    0.00425531914893617,
    0.00425531914893617,
    0.007784431137724551,
    0.007784431137724551,
    0.012195121951219513,
    0.012195121951219513,
    0.01639344262295082,
    0.01639344262295082,
    0.030712530712530713,
    0.030712530712530713,
    0.03273809523809523,
    0.03273809523809523,
    0.0427807486631016,
    0.0427807486631016,
    0.04844961240310078,
    0.04844961240310078,
    0.058823529411764705,
    0.058823529411764705,
    0.06105834464043419,
    0.06105834464043419,
    0.0625,
    0.0625,
    0.06944444444444446,
    0.06944444444444446,
    0.07692307692307693,
    0.07692307692307693,
    0.08823529411764706,
    0.08823529411764706,
    0.09424083769633508,
    0.09424083769633508,
    0.09836065573770492,
    0.09836065573770492,
    0.1,
    0.1,
    0.1322463768115942,
    0.1322463768115942,
    0.14285714285714285,
    0.14285714285714285,
    0.1565217391304348,
    0.1565217391304348,
    0.16615384615384615,
    0.16615384615384615,
    0.16783216783216784,
    0.16783216783216784,
    0.1875,
    0.1875,
    0.22685185185185186,
    0.22685185185185186,
    0.2389937106918239,
    0.2389937106918239,
    0.2535211267605634,
    0.2535211267605634,
    0.26627218934911245,
    0.26627218934911245,
    0.26666666666666666,
    0.26666666666666666,
    0.2857142857142857,
    0.2857142857142857,
    0.315018315018315,
    0.315018315018315,
    0.3529411764705883,
    0.3529411764705883,
    0.4523809523809524,
    0.4523809523809524,
    0.5052631578947369,
    0.5052631578947369,
    0.58,
    0.58,
    0.5833333333333334,
    0.5833333333333334,
    0.6666666666666666,
    0.6666666666666666,
    1.0
  ]
}