{
  "x_thresholds": [
    0.007335425271359791,
    0.011040166433342219,
    0.011045178369906684,
    0.014417693115419761,
    0.014423764821743715,
    0.02169977331217636,
    0.021705045584435537,
    0.022878795421312433,
    0.022888184116439565,
    0.034043222030671526,
    0.03404984612294077,
    0.035731619340047205,
    0.035748801028597135,
    0.037529437608449616,
    0.037546300956480184,
    0.05238330583167562,
    0.052411296181583404,
    0.052804048134120235,
    0.05280993951817234,
    0.05309741948664436,
    0.053132605933147586,
    0.056919339169456656,
    0.05696212412227575,
    0.06455620723649445,
    0.06456130175120092,
    0.06688349798832353,
    0.06692363929158976,
    0.08134545321705375,
    0.08136831339231435,
    0.09915420644966987,
    0.0991578852467869,
    0.09966445225851595,
    0.09968851114600771,
    0.1039304333274527,
    0.10393651651620196,
    0.11291843265414782,
    0.11292536949762054,
    0.12197123441987386,
    0.12199273385212883,
    0.15041664859455964,
    0.15041704971503253,
    0.1638477805243015,
    0.16385195166319919,
    0.1758520155386909,
    0.17594375228622122,
    0.19336794771661847,
    0.19363954247608817,
    0.22530396060011476,
    0.22555012424680676,
    0.23580463350750325,
    0.23596537600930922,
    0.24499231146578562,
    0.245179752423663,
    0.25365612493132267,
    0.25369485528526836,
    0.2582077631392029,
    0.258418831232659,
    0.3043817407310328,
    0.30446286342312734,
    0.32295509143670115,
    0.32331184862483064,
    0.3419203685989063,
    0.34245181293487603,
    0.3460389640151327,
    0.3469684484825065,
    0.411129663227773,
    0.4132096065106809,
    1.0
  ],
  "y_values": [
    0.0,
    0.0,
    0.0011933174224343676,
    0.0011933174224343676,
    0.002886836027713626,
    0.002886836027713626,
    0.00796812749003984,
    0.00796812749003984,
    0.00851900393184797,
    0.00851900393184797,
    0.019417475728155338,
    0.019417475728155338,
    0.0297029702970297,
    0.0297029702970297,
    0.031186440677966103,
    0.031186440677966103,
    0.037037037037037035,
    0.037037037037037035,
    0.045454545454545456,
    0.045454545454545456,
    0.047337278106508875,
    0.047337278106508875,
    0.05374823196605375,
    0.05374823196605375,
    0.06086956521739131,
    0.06086956521739131,
    0.06399999999999999,
    0.06399999999999999,
    0.06758304696449026,
    0.06758304696449026,
    0.08695652173913043,
    0.08695652173913043,
    0.1171875,
    0.1171875,
    0.128125,
    0.128125,
    0.13138686131386862,
    0.13138686131386862,
    0.1597222222222222,
    0.1597222222222222,
    0.1678832116788321,
    0.1678832116788321,
    0.19555555555555557,
    0.19555555555555557,
    0.2413793103448276,
    0.2413793103448276,
    0.25958702064896755,
    0.25958702064896755,
    0.25961538461538464,
    0.25961538461538464,
    0.26262626262626265,
    0.26262626262626265,
    0.2823529411764706,
    0.2823529411764706,
    0.34285714285714286,
    0.34285714285714286,
    0.34494773519163763,
    0.34494773519163763,
    0.4722222222222222,
    0.4722222222222222,
    0.4791666666666667,
    0.4791666666666667,
    0.5,
    0.5,
    0.56,
    0.56,
    0.6666666666666666,
    0.6666666666666666
  ]
}