{
  "x_thresholds": [
    0.00242838004059285,
    0.005330353472891191,
    0.005339307746231958,
    0.007616217598947506,
    0.007616337356445436,
    0.011216814658343796,
    0.01121764868433702,
    0.012229134236989354,
    0.012241503888239866,
    0.013649897129022535,
    0.013651528837683667,
    0.015010357830216238,
    0.015015424963863886,
    0.01639542335220274,
    0.01639791367993314,
    0.01813005840941079,
    0.01814479662880092,
    0.02040490590056618,
    0.02041729235557208,
    0.022168990853758862,
    0.022183849830419874,
    0.024455475265201407,
    0.024479076012548538,
    0.028415023499121776,
    0.028417464597308546,
    0.05149812507525141,
    0.05150303939829583,
    0.05173996216113264,
    0.05174928471077733,
    0.0626885160123296,
    0.06278980049296623,
    0.07743265291743172,
    0.07746274849255562,
    0.08693266710376316,
    0.08693271505656035,
    0.08932414034878722,
    0.0893937763552601,
    0.0994425049376683,
    0.09948437875991127,
    0.1058320798849303,
    0.1058492096665504,
    0.12757874061971622,
    0.127786099167592,
    0.13411598394103805,
    0.1341887192085896,
    0.18201721135486915,
    0.1820863811119855,
    0.18540376093517366,
    0.18542015177159032,
    0.18878191494742014,
    0.1888096008152928,
    0.19233859312326934,
    0.19239124766651014,
    0.26201852126432223,
    0.2623732628756758,
    0.3307886781292946,
    0.3308783027920821,
    0.37658805419280367,
    0.3771791630105157,
    0.41450525034358265,
    0.415287738236491,
    0.4264186124517703,
    0.42710925466343574,
    0.4870515530237239,
    0.4878557647848701,
    0.4980803120294762,
    0.5022621223762687,
    0.5432131455765759,
    0.5454652624063056,
    0.5677876169447243,
    0.7198302054862418
  ],
  "y_values": [
    0.0,
    0.0,
    0.0015748031496062992,
    0.0015748031496062992,
    0.004374453193350831,
    0.004374453193350831,
    0.004484304932735426,
    0.004484304932735426,
    0.006349206349206349,
    0.006349206349206349,
    0.006688963210702341,
    0.006688963210702341,
    0.006872852233676976,
    0.006872852233676976,
    0.007936507936507936,
    0.007936507936507936,
    0.01048951048951049,
    0.01048951048951049,
    0.012,
    0.012,
    0.014084507042253521,
    0.014084507042253521,
    0.014553014553014554,
    0.014553014553014554,
    0.03165403477485511,
    0.03165403477485511,
    0.05263157894736842,
    0.05263157894736842,
    0.05414364640883978,
    0.05414364640883978,
    0.06429548563611491,
    0.06429548563611491,
    0.0690846286701209,
    0.0690846286701209,
    0.07936507936507936,
    0.07936507936507936,
    0.11782477341389729,
    0.11782477341389729,
    0.12179487179487179,
    0.12179487179487179,
    0.12561983471074376,
    0.12561983471074376,
    0.1346153846153846,
    0.1346153846153846,
    0.17301038062283736,
    0.17301038062283736,
    0.2,
    0.2,
    0.20454545454545456,
    0.20454545454545456,
    0.21052631578947367,
    0.21052631578947367,
    0.24561403508771928,
    0.24561403508771928,
    0.3142857142857143,
    0.3142857142857143,
    0.38323353293413176,
    0.38323353293413176,
    0.3918918918918919,
    0.3918918918918919,
    0.4444444444444444,
    0.4444444444444444,
    0.5333333333333334,
    0.5333333333333334,
    0.6666666666666666,
    0.6666666666666666,
    0.6923076923076923,
    0.6923076923076923,
    0.8,
    0.8,
    1.0
  ]
}