{
  "x_thresholds": [
    0.005907834048453597,
    0.00934748718282446,
    0.009352800079922318,
    0.02089685423199054,
    0.02089892986896081,
    0.022919067355329583,
    0.022923892212192522,
    0.027886688094699547,
    0.02789752413610409,
    0.029195802884854686,
    0.0292052744113751,
    0.02995986725431793,
    0.029977898980794636,
    0.037779172195133846,
    0.03778651956405871,
    0.03823368019201489,
    0.03823606002752032,
    0.050713395485617895,
    0.05072540615073621,
    0.05587736383556117,
    0.05589405725287165,
    0.05619933523941085,
    0.05620086852806637,
    0.06095583315951936,
    0.060962780662793585,
    0.06779673241424075,
    0.06780976414334947,
    0.08105610557437279,
    0.0811173405494557,
    0.09310615260493664,
    0.09312477863299669,
    0.09872627003628132,
    0.09875941135055588,
    0.10720347287384283,
    0.10721668341855164,
    0.1251355584707894,
    0.12522203496937112,
    0.1310486313782912,
    0.13108449926455382,
    0.17679641646138927,
    0.1768198636454162,
    0.18018472761552898,
    0.18020583919373556,
    0.19318272455976304,
    0.1932151952808021,
    0.2035648078155097,
    0.20381490418346876,
    0.23075898778393322,
    0.23077254370044586,
    0.2643679036059731,
    0.26442854185506326,
    0.2712791867450042,
    0.27145084692608196,
    0.30910638119493056,
    0.30917591119130833,
    0.3212202953434236,
    0.32128855161570263,
    0.32955707612114654,
    0.329827911536804,
    0.3354520241937496,
    0.3361154274003806,
    0.3363714086652556,
    0.33675395998399094,
    0.36358320671587824,
    0.3637724407703078,
    0.4153723511994333,
    0.4169345741103301,
    0.8577179210411856
  ],
  "y_values": [
    0.0,
    0.0,
    0.0021337126600284497,
    0.0021337126600284497,
    0.0084985835694051,
    0.0084985835694051,
    0.010130246020260494,
    0.010130246020260494,
    0.011834319526627219,
    0.011834319526627219,
    0.012048192771084338,
    0.012048192771084338,
    0.016548463356973995,
    0.016548463356973995,
    0.020833333333333332,
    0.020833333333333332,
    0.03477523324851569,
    0.03477523324851569,
    0.046511627906976744,
    0.046511627906976744,
    0.05405405405405406,
    0.05405405405405406,
    0.05580357142857143,
    0.05580357142857143,
    0.05783132530120482,
    0.05783132530120482,
    0.06015037593984962,
    0.06015037593984962,
    0.06796116504854369,
    0.06796116504854369,
    0.07563025210084033,
    0.07563025210084033,
    0.10434782608695652,
    0.10434782608695652,
    0.14119922630560927,
    0.14119922630560927,
    0.16025641025641027,
    0.16025641025641027,
    0.16167023554603854,
    0.16167023554603854,
    0.22916666666666666,
    0.22916666666666666,
    0.24338624338624337,
    0.24338624338624337,
    0.24812030075187974,
    0.24812030075187974,
    0.24817518248175183,
    0.24817518248175183,
    0.2745762711864407,
    0.2745762711864407,
    0.3269230769230769,
    0.3269230769230769,
    0.37668161434977576,
    0.37668161434977576,
    0.38181818181818183,
    0.38181818181818183,
    0.38235294117647056,
    0.38235294117647056,
    0.4090909090909091,
    0.4090909090909091,
    0.5,
    0.5,
    0.5076923076923077,
    0.5076923076923077,
    0.5483870967741935,
    0.5483870967741935,
    0.6190476190476191,
    0.6190476190476191
  ]
}