{
  "x_thresholds": [
    0.004507147322336795,
    0.011224418646422239,
    0.01122735442762834,
    0.022046018677474504,
    0.022053370541611373,
    0.025470102773409813,
    0.025471938925743082,
    0.03508689417672714,
    0.03510124684553526,
    0.044236983705931404,
    0.044258675287990996,
    0.04926640687164653,
    0.04927240445951873,
    0.050743463990092386,
    0.05075406172636523,
    0.06349202369968969,
    0.06352029915728534,
    0.07840642661414869,
    0.07851084129388904,
    0.08178462378662667,
    0.08179826443223667,
    0.09265162834505367,
    0.09266026020986369,
    0.11978914028378017,
    0.11980784938449358,
    0.12200747009001939,
    0.12200824241467535,
    0.12472559924539792,
    0.12479014858766818,
    0.14155490809629076,
    0.141641240191866,
    0.14300106688403838,
    0.14300549173504304,
    0.17461403317896895,
    0.17468431239986934,
    0.1897967572804987,
    0.19012482955449514,
    0.20074421347842158,
    0.20081525895394825,
    0.23764248852451053,
    0.2377792365304716,
    0.23940274723157,
    0.23954305894100997,
    0.24276222744656453,
    0.2428410261673578,
    0.2441500081556992,
    0.2441578755999521,
    0.2624455603006011,
    0.2625580330133432,
    0.2883594940119058,
    0.2885389338081487,
    0.31966551354378175,
    0.3197682851413183,
    0.34812101504706355,
    0.34815631682705916,
    0.34851094975867064,
    0.3490690183461713,
    0.40435630626424823,
    0.40437713134543646,
    0.4094420978884097,
    0.4099294899007011,
    0.42943141770537313,
    0.429703030721832,
    0.4346842982947411,
    0.43640119841520514,
    0.46707219824019575,
    0.46809221254857414,
    0.6429235859073564,
    0.6438590735088995,
    0.7325722981013014
  ],
  "y_values": [
    0.0,
    0.0,
    0.0026595744680851063,
    0.0026595744680851063,
    0.005145797598627788,
    0.005145797598627788,
    0.006739679865206402,
    0.006739679865206402,
    0.018378378378378378,
    0.018378378378378378,
    0.022988505747126436,
    0.022988505747126436,
    0.03,
    0.03,
    0.031363088057901084,
    0.031363088057901084,
    0.04846938775510204,
    0.04846938775510204,
    0.05263157894736842,
    0.05263157894736842,
    0.06038647342995169,
    0.06038647342995169,
    0.07800511508951406,
    0.07800511508951406,
    0.1111111111111111,
    0.1111111111111111,
    0.11666666666666667,
    0.11666666666666667,
    0.12021857923497267,
    0.12021857923497267,
    0.13157894736842105,
    0.13157894736842105,
    0.13991769547325103,
    0.13991769547325103,
    0.1896551724137931,
    0.1896551724137931,
    0.1926605504587156,
    0.1926605504587156,
    0.21428571428571427,
    0.21428571428571427,
    0.23076923076923078,
    0.23076923076923078,
    0.23809523809523808,
    0.23809523809523808,
    0.3,
    0.3,
    0.35877862595419846,
    0.35877862595419846,
    0.3880597014925373,
    0.3880597014925373,
    0.4632352941176471,
    0.4632352941176471,
    0.5604395604395604,
    0.5604395604395604,
    0.6666666666666666,
    0.6666666666666666,
    0.7251908396946565,
    0.7251908396946565,
    0.8333333333333334,
    0.8333333333333334,
    0.8620689655172413,
    0.8620689655172413,
    0.875,
    0.875,
    0.9117647058823529,
    0.9117647058823529,
    0.9212598425196851,
    0.9212598425196851,
    1.0,
    1.0
  ]
}