{
  "x_thresholds": [
    0.014664761382086632,
    0.023549979231669543,
    0.023591417162171186,
    0.02854987450767915,
    0.02855084699980002,
    0.03673560181160761,
    0.0367410988470441,
    0.03801267502568338,
    0.03802406394951052,
    0.03953807571401224,
    0.03955921551914744,
    0.04681427296842304,
    0.04681500233496386,
    0.04712515142559888,
    0.047125707452081014,
    0.05021490211629163,
    0.050217719028298455,
    0.05072007084118035,
    0.05072191634729865,
    0.05363718949738014,
    0.05364493218487456,
    0.05507448352826698,
    0.05507823952429844,
    0.056656330937924715,
    0.056656869240535576,
    0.0658164168259998,
    0.06583091168019198,
    0.06907832617471421,
    0.06908168934373,
    0.07044054744041565,
    0.07045206587720425,
    0.07053316929795012,
    0.07053526451603932,
    0.07933180919288108,
    0.07933394529165415,
    0.08279217521697951,
    0.08279628638904418,
    0.08688198137593403,
    0.08688616616986475,
    0.09235825237584794,
    0.09236491147120153,
    0.09243884895172631,
    0.09244378428001515,
    0.09353489272214024,
    0.09355948440525975,
    0.0962810950934212,
    0.09628228284817288,
    0.09912318241501449,
    0.09913441885159703,
    0.1165870557243698,
    0.11658767259657744,
    0.12473582672214832,
    0.12475328151140296,
    0.12515434888286853,
    0.12516731252777624,
    0.13351264739174576,
    0.13352667622087286,
    0.1341751705062213,
    0.1341913775705754,
    0.14164271749915402,
    0.14168373870345227,
    0.16080555746111652,
    0.16080609639599633,
    0.2221948766079522,
    0.22251020867867916,
    0.2697440748639693,
    0.2707017050521897,
    0.27177113271171094,
    0.27857480186075173,
    0.29238566784697473,
    0.305299992228942,
    0.3782450885866941
  ],
  "y_values": [
    0.0,
    0.0,
    0.0043859649122807015,
    0.0043859649122807015,
    0.006003430531732418,
    0.006003430531732418,
    0.009302325581395349,
    0.009302325581395349,
    0.014545454545454545,
    0.014545454545454545,
    0.0171990171990172,
    0.0171990171990172,
    0.018867924528301886,
    0.018867924528301886,
    0.02480916030534351,
    0.02480916030534351,
    0.02631578947368421,
    0.02631578947368421,
    0.02663934426229508,
    0.02663934426229508,
    0.029411764705882353,
    0.029411764705882353,
    0.029914529914529916,
    0.029914529914529916,
    0.041244573082489154,
    0.041244573082489154,
    0.05450733752620545,
    0.05450733752620545,
    0.061855670103092786,
    0.061855670103092786,
    0.06666666666666667,
    0.06666666666666667,
    0.07218167072181671,
    0.07218167072181671,
    0.08530805687203792,
    0.08530805687203792,
    0.09339407744874716,
    0.09339407744874716,
    0.10218978102189781,
    0.10218978102189781,
    0.1111111111111111,
    0.1111111111111111,
    0.12280701754385964,
    0.12280701754385964,
    0.12345679012345681,
    0.12345679012345681,
    0.12350597609561753,
    0.12350597609561753,
    0.12511013215859032,
    0.12511013215859032,
    0.13150684931506848,
    0.13150684931506848,
    0.14285714285714285,
    0.14285714285714285,
    0.15479876160990713,
    0.15479876160990713,
    0.19047619047619047,
    0.19047619047619047,
    0.22058823529411764,
    0.22058823529411764,
    0.24607329842931938,
    0.24607329842931938,
    0.2733812949640288,
    0.2733812949640288,
    0.36764705882352944,
    0.36764705882352944,
    0.5,
    0.5,
    0.5555555555555556,
    0.5555555555555556,
    0.5714285714285714,
    0.5714285714285714
  ]
}